-- ============================================================
--  MOCK DATA - Student Management System
--  Trường THPT Nguyễn Trãi
--  Niên khóa: 2024-2025
-- ============================================================

SET NAMES utf8mb4;
SET FOREIGN_KEY_CHECKS = 0;

TRUNCATE TABLE student_parents;
TRUNCATE TABLE class_journals;
TRUNCATE TABLE grade_slips;
TRUNCATE TABLE score_records;
TRUNCATE TABLE report_cards;
TRUNCATE TABLE student_cards;
TRUNCATE TABLE user_accounts;
TRUNCATE TABLE students;
TRUNCATE TABLE subjects;
TRUNCATE TABLE classrooms;
TRUNCATE TABLE staffs;
TRUNCATE TABLE parents;
TRUNCATE TABLE schools;

-- TIER 1: SCHOOLS
INSERT INTO schools (id, name, address, phone, email, school_type) VALUES
(1, 'Trường THPT Nguyễn Trãi', 'Ba Đình, Hà Nội', '02438234567', 'c3nguyentrai@hanoiedu.vn', 'THPT');

-- TIER 1: PARENTS (40 phụ huynh)
INSERT INTO parents (id, full_name, phone, email, occupation, address) VALUES
(1, 'Nguyễn Gia Quân', '0938 242 854', 'giquan@nguyentrai.edu.vn', 'Quản lý dự án - Vingroup', '72 Hào Nam, Đống Đa, Hà Nội'),
(2, 'Vương Đình Hải', '0913 195 323', 'dihai@nguyentrai.edu.vn', 'Kỹ sư viễn thông - VNPT Hà Nội', '90 Kim Mã, Ba Đình, Hà Nội'),
(3, 'Lương Khắc Công', '0993 818 658', 'khcong@nguyentrai.edu.vn', 'Kỹ sư hệ thống - Viettel', '55 Trần Duy Hưng, Cầu Giấy, HN'),
(4, 'Vương Khánh Quyên', '0910 877 925', 'khquyen@nguyentrai.edu.vn', 'Giảng viên đại học - ĐH Bách Khoa HN', '86 Lê Trọng Tấn, Thanh Xuân, HN'),
(5, 'Đỗ Khánh Vy', '0937 881 444', 'khvy@nguyentrai.edu.vn', 'Quản lý dự án - Vingroup', '7 Lý Thường Kiệt, Hoàn Kiếm, HN'),
(6, 'Phạm Trúc Mỹ', '0954 718 370', 'trmy@nguyentrai.edu.vn', 'Bác sĩ - Bệnh viện Bạch Mai', '105 Láng Hạ, Đống Đa, HN'),
(7, 'Lương Thanh Thơ', '0958 180 665', 'ththo@nguyentrai.edu.vn', 'Chuyên gia tài chính - Ngân hàng Nhà nước', '18 Cát Linh, Đống Đa, HN'),
(8, 'Vương Phương Nguyệt', '0918 146 777', 'phnguyet@nguyentrai.edu.vn', 'Kỹ sư viễn thông - VNPT Hà Nội', '250 Minh Khai, Hai Bà Trưng, HN'),
(9, 'Lê Minh Mỹ', '0922 489 384', 'mimy@nguyentrai.edu.vn', 'Bác sĩ chuyên khoa II - Vinmec', '64 Hàng Trống, Hoàn Kiếm, HN'),
(10, 'Phan Trúc Mai', '0936 786 373', 'trmai@nguyentrai.edu.vn', 'Kinh doanh tự do', '72 Hào Nam, Đống Đa, Hà Nội'),
(11, 'Cao Thế Khoa', '0941 267 573', 'thkhoa@nguyentrai.edu.vn', 'Kiểm toán viên - Bộ Tài chính', 'Biệt thự Vinhomes Riverside, Long Biên, HN'),
(12, 'Đỗ Quang Quân', '0914 924 423', 'ququan@nguyentrai.edu.vn', 'Kiểm toán viên - Bộ Tài chính', 'Biệt thự Vinhomes Riverside, Long Biên, HN'),
(13, 'Vũ Hùng Long', '0950 317 771', 'hulong@nguyentrai.edu.vn', 'Kỹ sư dầu khí - Tập đoàn PVN', '28 Trần Hưng Đạo, Hoàn Kiếm, HN'),
(14, 'Hoàng Khánh Vy', '0941 862 674', 'khvy@nguyentrai.edu.vn', 'Trưởng phòng CNTT - FPT Telecom', 'Biệt thự Vinhomes Riverside, Long Biên, HN'),
(15, 'Vương Mỹ Mai', '0938 241 621', 'mymai@nguyentrai.edu.vn', 'Kỹ sư dầu khí - Tập đoàn PVN', '7 Lý Thường Kiệt, Hoàn Kiếm, HN'),
(16, 'Phạm Văn Tú', '0930 911 796', 'vatu@nguyentrai.edu.vn', 'Kỹ sư hệ thống - Viettel', '120 Trung Kính, Cầu Giấy, Hà Nội'),
(17, 'Ngô Thành Khải', '0969 641 357', 'thkhai@nguyentrai.edu.vn', 'Trưởng phòng CNTT - FPT Telecom', '15 Ngõ 102 Trường Chinh, Đống Đa, HN'),
(18, 'Lương Gia Hoàng', '0992 448 214', 'gihoang@nguyentrai.edu.vn', 'Chuyên gia tài chính - Ngân hàng Nhà nước', '77 Trần Thái Tông, Cầu Giấy, HN'),
(19, 'Lý Minh Đức', '0943 612 880', 'miduc@nguyentrai.edu.vn', 'Giảng viên đại học - ĐH Bách Khoa HN', '90 Kim Mã, Ba Đình, Hà Nội'),
(20, 'Bùi Tiến Khải', '0935 256 482', 'tikhai@nguyentrai.edu.vn', 'Luật sư - Văn phòng luật sư Hà Nội', '10 Tạ Quang Bửu, Hai Bà Trưng, HN'),
(21, 'Cao Duy Đông', '0912 214 471', 'dudong@nguyentrai.edu.vn', 'Chuyên gia tài chính - Ngân hàng Nhà nước', '55 Trần Duy Hưng, Cầu Giấy, HN'),
(22, 'Võ Hùng Khánh', '0920 849 597', 'hukhanh@nguyentrai.edu.vn', 'Chuyên viên ngân hàng - Vietcombank', '250 Minh Khai, Hai Bà Trưng, HN'),
(23, 'Hoàng Anh Khoa', '0931 371 640', 'ankhoa@nguyentrai.edu.vn', 'Phó trưởng phòng - Ngân hàng MB', '77 Trần Thái Tông, Cầu Giấy, HN'),
(24, 'Bùi Thành Nghĩa', '0993 482 548', 'thnghia@nguyentrai.edu.vn', 'Dược sĩ - Công ty Dược Hậu Giang', '458 Minh Khai, Hai Bà Trưng, HN'),
(25, 'Võ Hoàng Khánh', '0953 121 702', 'hokhanh@nguyentrai.edu.vn', 'Trưởng phòng CNTT - FPT Telecom', '55 Trần Duy Hưng, Cầu Giấy, HN'),
(26, 'Nguyễn Đức Công', '0990 160 334', 'ducong@nguyentrai.edu.vn', 'Chuyên viên ngân hàng - Vietcombank', '48 Phố Huế, Hai Bà Trưng, Hà Nội'),
(27, 'Lê Hoài Chi', '0945 785 597', 'hochi@nguyentrai.edu.vn', 'Kiến trúc sư - Công ty VINACONEX', '19 Duy Tân, Cầu Giấy, Hà Nội'),
(28, 'Vương Hùng Đông', '0941 903 584', 'hudong@nguyentrai.edu.vn', 'Kỹ sư hệ thống - Viettel', '88 Giải Phóng, Hoàng Mai, Hà Nội'),
(29, 'Phạm Đình Dũng', '0964 520 578', 'didung@nguyentrai.edu.vn', 'Giáo viên Tiểu học', '48 Phố Huế, Hai Bà Trưng, Hà Nội'),
(30, 'Trần Thành Đức', '0953 919 982', 'thduc@nguyentrai.edu.vn', 'Quản lý dự án - Vingroup', '55 Trần Duy Hưng, Cầu Giấy, HN'),
(31, 'Vũ Bảo Lâm', '0927 532 287', 'balam@nguyentrai.edu.vn', 'Giám đốc kinh doanh - Vinhomes', '458 Minh Khai, Hai Bà Trưng, HN'),
(32, 'Lê Quốc Mạnh', '0980 200 151', 'qumanh@nguyentrai.edu.vn', 'Nhà báo - Báo Hànộimới', '19 Duy Tân, Cầu Giấy, Hà Nội'),
(33, 'Lê Hoàng Huy', '0962 597 592', 'hohuy@nguyentrai.edu.vn', 'Kiến trúc sư - Công ty VINACONEX', '28 Trần Hưng Đạo, Hoàn Kiếm, HN'),
(34, 'Phan Thành Hùng', '0959 371 902', 'thhung@nguyentrai.edu.vn', 'Bác sĩ chuyên khoa II - Vinmec', '17 Lê Duẩn, Đống Đa, Hà Nội'),
(35, 'Lương Diệu Vy', '0934 403 322', 'divy@nguyentrai.edu.vn', 'Bác sĩ - Bệnh viện Bạch Mai', '54 Cầu Giấy, Cầu Giấy, Hà Nội'),
(36, 'Đỗ Quang Hải', '0984 588 614', 'quhai@nguyentrai.edu.vn', 'Dược sĩ - Công ty Dược Hậu Giang', '10 Tạ Quang Bửu, Hai Bà Trưng, HN'),
(37, 'Đoàn Đức Hoà', '0933 170 709', 'duhoa@nguyentrai.edu.vn', 'Chuyên viên ngân hàng - Vietcombank', '72 Hào Nam, Đống Đa, Hà Nội'),
(38, 'Ngô Hữu Long', '0982 352 692', 'hulong@nguyentrai.edu.vn', 'Phó trưởng phòng - Ngân hàng MB', '48 Phố Huế, Hai Bà Trưng, Hà Nội'),
(39, 'Dương Hùng Vinh', '0976 423 367', 'huvinh@nguyentrai.edu.vn', 'Kiến trúc sư - Công ty VINACONEX', '72 Hào Nam, Đống Đa, Hà Nội'),
(40, 'Võ Khánh Oanh', '0926 787 760', 'khoanh@nguyentrai.edu.vn', 'Chuyên gia tài chính - Ngân hàng Nhà nước', '458 Minh Khai, Hai Bà Trưng, HN');

-- TIER 2: STAFFS (15 nhân sự: 1 Admin, 2 Giáo vụ, 12 Giáo viên)
INSERT INTO staffs (id, full_name, date_of_birth, phone, email, role, school_id) VALUES
(1, 'Nguyễn Thế Hùng', '1972-08-20', '0901 001 001', 'thhung@nguyentrai.edu.vn', 'ADMIN', 1),
(2, 'Đặng Thị Vân Anh', '1980-03-15', '0902 002 002', 'vaanh@nguyentrai.edu.vn', 'EDUCATION_OFFICER', 1),
(3, 'Phạm Quang Trung', '1978-11-05', '0903 003 003', 'qutrung@nguyentrai.edu.vn', 'EDUCATION_OFFICER', 1),
(4, 'Lê Thị Bích Ngọc', '1985-04-22', '0904 004 004', 'bingoc@nguyentrai.edu.vn', 'TEACHER', 1),
(5, 'Trần Văn Dũng', '1983-09-10', '0905 005 005', 'vadung@nguyentrai.edu.vn', 'TEACHER', 1),
(6, 'Vũ Thị Hồng Liên', '1987-01-30', '0906 006 006', 'holien@nguyentrai.edu.vn', 'TEACHER', 1),
(7, 'Hoàng Minh Quân', '1984-07-12', '0907 007 007', 'miquan@nguyentrai.edu.vn', 'TEACHER', 1),
(8, 'Ngô Thị Phương Thùy', '1986-12-28', '0908 008 008', 'phthuy@nguyentrai.edu.vn', 'TEACHER', 1),
(9, 'Đinh Xuân Hoàn', '1982-06-15', '0909 009 009', 'xuhoan@nguyentrai.edu.vn', 'TEACHER', 1),
(10, 'Bùi Thị Thanh Tâm', '1988-10-03', '0910 0010 0010', 'thtam@nguyentrai.edu.vn', 'TEACHER', 1),
(11, 'Lý Đình Sơn', '1981-05-18', '0911 0011 0011', 'dison@nguyentrai.edu.vn', 'TEACHER', 1),
(12, 'Đỗ Thị Xuân', '1989-02-07', '0912 0012 0012', 'thxuan@nguyentrai.edu.vn', 'TEACHER', 1),
(13, 'Cao Thị Minh Phương', '1986-08-25', '0913 0013 0013', 'miphuong@nguyentrai.edu.vn', 'TEACHER', 1),
(14, 'Trịnh Văn Khoa', '1983-03-14', '0914 0014 0014', 'vakhoa@nguyentrai.edu.vn', 'TEACHER', 1),
(15, 'Mai Ngọc Hà', '1990-11-22', '0915 0015 0015', 'ngha@nguyentrai.edu.vn', 'TEACHER', 1);

-- TIER 3: CLASSROOMS (6 lớp học)
INSERT INTO classrooms (id, name, grade_level, school_year, school_id, homeroom_teacher_id) VALUES
(1, '10 Tin 1', 10, '2024-2025', 1, 7),
(2, '10 Toán 1', 10, '2024-2025', 1, 4),
(3, '11 Lý 1', 11, '2024-2025', 1, 5),
(4, '11 Hóa 1', 11, '2024-2025', 1, 6),
(5, '12 Văn 1', 12, '2024-2025', 1, 8),
(6, '12 Anh 1', 12, '2024-2025', 1, 11);

-- TIER 3: SUBJECTS (10 môn học)
INSERT INTO subjects (id, name, description, teacher_id) VALUES
(1, 'Toán học', 'Môn học Toán học - Chương trình THPT nâng cao', 4),
(2, 'Vật lý', 'Môn học Vật lý - Chương trình THPT nâng cao', 5),
(3, 'Hóa học', 'Môn học Hóa học - Chương trình THPT nâng cao', 6),
(4, 'Tin học', 'Môn học Tin học - Chương trình THPT nâng cao', 7),
(5, 'Ngữ văn', 'Môn học Ngữ văn - Chương trình THPT nâng cao', 8),
(6, 'Lịch sử', 'Môn học Lịch sử - Chương trình THPT nâng cao', 9),
(7, 'Địa lý', 'Môn học Địa lý - Chương trình THPT nâng cao', 10),
(8, 'Tiếng Anh', 'Môn học Tiếng Anh - Chương trình THPT nâng cao', 11),
(9, 'Sinh học', 'Môn học Sinh học - Chương trình THPT nâng cao', 12),
(10, 'GDCD - Pháp luật', 'Môn học GDCD - Pháp luật - Chương trình THPT nâng cao', 13);

-- TIER 4: STUDENTS (60 học sinh, 10 học sinh mỗi lớp)
INSERT INTO students (id, full_name, date_of_birth, gender, address, phone, email, student_code, avatar_url, classroom_id) VALUES
(1, 'Lê Minh Lâm', '2009-10-19', 'MALE', '23 Tố Hữu, Nam Từ Liêm, Hà Nội', '0919 650 318', 'milam@nguyentrai.edu.vn', 'HS24001', NULL, 1),
(2, 'Hồ Đức Long', '2009-04-12', 'MALE', '17 Lê Duẩn, Đống Đa, Hà Nội', '0930 548 953', 'dulong@nguyentrai.edu.vn', 'HS24002', NULL, 1),
(3, 'Đoàn Minh Nghĩa', '2009-09-10', 'MALE', '72 Hào Nam, Đống Đa, Hà Nội', '0923 999 237', 'minghia@nguyentrai.edu.vn', 'HS24003', NULL, 1),
(4, 'Lương Bích Hà', '2009-05-20', 'FEMALE', '88 Giải Phóng, Hoàng Mai, Hà Nội', '0953 308 803', 'biha@nguyentrai.edu.vn', 'HS24004', NULL, 1),
(5, 'Trịnh Gia Long', '2009-01-03', 'MALE', '64 Hàng Trống, Hoàn Kiếm, HN', '0964 949 383', 'gilong@nguyentrai.edu.vn', 'HS24005', NULL, 1),
(6, 'Hoàng Gia Huy', '2009-12-15', 'MALE', '19 Duy Tân, Cầu Giấy, Hà Nội', '0964 674 109', 'gihuy@nguyentrai.edu.vn', 'HS24006', NULL, 1),
(7, 'Hoàng Quỳnh Hương', '2009-06-19', 'FEMALE', '19 Duy Tân, Cầu Giấy, Hà Nội', '0928 540 230', 'quhuong@nguyentrai.edu.vn', 'HS24007', NULL, 1),
(8, 'Trần Tuấn Nam', '2009-11-08', 'MALE', '72 Hào Nam, Đống Đa, Hà Nội', '0923 462 898', 'tunam@nguyentrai.edu.vn', 'HS24008', NULL, 1),
(9, 'Cao Bích Thơ', '2009-04-28', 'FEMALE', '10 Tạ Quang Bửu, Hai Bà Trưng, HN', '0932 522 125', 'bitho@nguyentrai.edu.vn', 'HS24009', NULL, 1),
(10, 'Dương Minh Hà', '2009-03-26', 'FEMALE', '86 Lê Trọng Tấn, Thanh Xuân, HN', '0923 491 993', 'miha@nguyentrai.edu.vn', 'HS24010', NULL, 1),
(11, 'Vũ Quốc Dũng', '2009-05-27', 'MALE', '12 Trần Phú, Hà Đông, HN', '0939 328 124', 'qudung@nguyentrai.edu.vn', 'HS24011', NULL, 2),
(12, 'Đặng Đức Hoàng', '2009-05-12', 'MALE', '64 Hàng Trống, Hoàn Kiếm, HN', '0975 509 795', 'duhoang@nguyentrai.edu.vn', 'HS24012', NULL, 2),
(13, 'Nguyễn Thanh Quỳnh', '2009-05-06', 'FEMALE', '54 Cầu Giấy, Cầu Giấy, Hà Nội', '0943 139 211', 'thquynh@nguyentrai.edu.vn', 'HS24013', NULL, 2),
(14, 'Đỗ Đình Khải', '2009-09-04', 'MALE', '28 Trần Hưng Đạo, Hoàn Kiếm, HN', '0983 294 360', 'dikhai@nguyentrai.edu.vn', 'HS24014', NULL, 2),
(15, 'Đoàn Bảo Nghĩa', '2009-12-24', 'MALE', '105 Láng Hạ, Đống Đa, HN', '0995 301 472', 'banghia@nguyentrai.edu.vn', 'HS24015', NULL, 2),
(16, 'Đỗ Lan Lan', '2009-11-28', 'FEMALE', '23 Tố Hữu, Nam Từ Liêm, Hà Nội', '0948 619 416', 'lalan@nguyentrai.edu.vn', 'HS24016', NULL, 2),
(17, 'Bùi Bảo Minh', '2009-04-14', 'MALE', '72 Hào Nam, Đống Đa, Hà Nội', '0958 793 866', 'baminh@nguyentrai.edu.vn', 'HS24017', NULL, 2),
(18, 'Bùi Mỹ Tuyết', '2009-01-10', 'FEMALE', '17 Lê Duẩn, Đống Đa, Hà Nội', '0936 540 904', 'mytuyet@nguyentrai.edu.vn', 'HS24018', NULL, 2),
(19, 'Lý Cát Huyền', '2009-11-07', 'FEMALE', '90 Kim Mã, Ba Đình, Hà Nội', '0970 912 915', 'cahuyen@nguyentrai.edu.vn', 'HS24019', NULL, 2),
(20, 'Bùi Hoài Bích', '2009-11-20', 'FEMALE', '43 Nguyễn Chí Thanh, Ba Đình, HN', '0921 938 869', 'hobich@nguyentrai.edu.vn', 'HS24020', NULL, 2),
(21, 'Vũ Văn Hùng', '2008-01-08', 'MALE', '22 Láng Hạ, Ba Đình, Hà Nội', '0988 970 886', 'vahung@nguyentrai.edu.vn', 'HS23021', NULL, 3),
(22, 'Vương Khắc Công', '2008-12-13', 'MALE', '22 Láng Hạ, Ba Đình, Hà Nội', '0961 349 251', 'khcong@nguyentrai.edu.vn', 'HS23022', NULL, 3),
(23, 'Phạm Đình Quân', '2008-03-26', 'MALE', '86 Lê Trọng Tấn, Thanh Xuân, HN', '0976 575 151', 'diquan@nguyentrai.edu.vn', 'HS23023', NULL, 3),
(24, 'Phạm Cát Vy', '2008-08-22', 'FEMALE', '90 Kim Mã, Ba Đình, Hà Nội', '0981 709 424', 'cavy@nguyentrai.edu.vn', 'HS23024', NULL, 3),
(25, 'Cao Hoài Thảo', '2008-09-15', 'FEMALE', '10 Tạ Quang Bửu, Hai Bà Trưng, HN', '0970 560 365', 'hothao@nguyentrai.edu.vn', 'HS23025', NULL, 3),
(26, 'Đặng Hoài Phương', '2008-11-08', 'FEMALE', 'Biệt thự Vinhomes Riverside, Long Biên, HN', '0966 179 830', 'hophuong@nguyentrai.edu.vn', 'HS23026', NULL, 3),
(27, 'Đỗ Bảo Khánh', '2008-03-05', 'MALE', '55 Trần Duy Hưng, Cầu Giấy, HN', '0959 810 256', 'bakhanh@nguyentrai.edu.vn', 'HS23027', NULL, 3),
(28, 'Dương Duy Khoa', '2008-08-14', 'MALE', '48 Phố Huế, Hai Bà Trưng, Hà Nội', '0936 952 530', 'dukhoa@nguyentrai.edu.vn', 'HS23028', NULL, 3),
(29, 'Nguyễn Hương Oanh', '2008-08-01', 'FEMALE', '66 Xuân Thủy, Cầu Giấy, Hà Nội', '0948 871 499', 'huoanh@nguyentrai.edu.vn', 'HS23029', NULL, 3),
(30, 'Dương Quỳnh Dương', '2008-12-18', 'FEMALE', '12 Trần Phú, Hà Đông, HN', '0987 325 599', 'quduong@nguyentrai.edu.vn', 'HS23030', NULL, 3),
(31, 'Nguyễn Thành Trung', '2008-11-22', 'MALE', '12 Trần Phú, Hà Đông, HN', '0961 841 269', 'thtrung@nguyentrai.edu.vn', 'HS23031', NULL, 4),
(32, 'Cao Quỳnh Trang', '2008-07-19', 'FEMALE', '54 Cầu Giấy, Cầu Giấy, Hà Nội', '0994 127 185', 'qutrang@nguyentrai.edu.vn', 'HS23032', NULL, 4),
(33, 'Lý Thế Hải', '2008-05-13', 'MALE', '43 Nguyễn Chí Thanh, Ba Đình, HN', '0937 565 434', 'thhai@nguyentrai.edu.vn', 'HS23033', NULL, 4),
(34, 'Đặng Như Hà', '2008-02-16', 'FEMALE', '15 Ngõ 102 Trường Chinh, Đống Đa, HN', '0979 153 458', 'nhha@nguyentrai.edu.vn', 'HS23034', NULL, 4),
(35, 'Trần Minh Quân', '2008-04-27', 'MALE', '15 Ngõ 102 Trường Chinh, Đống Đa, HN', '0989 256 344', 'miquan@nguyentrai.edu.vn', 'HS23035', NULL, 4),
(36, 'Vương Phương Huyền', '2008-12-09', 'FEMALE', '250 Minh Khai, Hai Bà Trưng, HN', '0957 271 720', 'phhuyen@nguyentrai.edu.vn', 'HS23036', NULL, 4),
(37, 'Phạm Hồng Yến', '2008-02-19', 'FEMALE', '15 Ngõ 102 Trường Chinh, Đống Đa, HN', '0949 689 793', 'hoyen@nguyentrai.edu.vn', 'HS23037', NULL, 4),
(38, 'Vũ Đức Vinh', '2008-12-27', 'MALE', '64 Hàng Trống, Hoàn Kiếm, HN', '0941 204 813', 'duvinh@nguyentrai.edu.vn', 'HS23038', NULL, 4),
(39, 'Cao Thanh Quyên', '2008-10-26', 'FEMALE', '48 Phố Huế, Hai Bà Trưng, Hà Nội', '0954 645 538', 'thquyen@nguyentrai.edu.vn', 'HS23039', NULL, 4),
(40, 'Đỗ Minh Hoà', '2008-07-27', 'MALE', '22 Láng Hạ, Ba Đình, Hà Nội', '0923 543 470', 'mihoa@nguyentrai.edu.vn', 'HS23040', NULL, 4),
(41, 'Hoàng Như Linh', '2007-12-17', 'FEMALE', '64 Hàng Trống, Hoàn Kiếm, HN', '0944 730 927', 'nhlinh@nguyentrai.edu.vn', 'HS22041', NULL, 5),
(42, 'Lý Như Tú', '2007-12-19', 'FEMALE', 'Biệt thự Vinhomes Riverside, Long Biên, HN', '0951 972 351', 'nhtu@nguyentrai.edu.vn', 'HS22042', NULL, 5),
(43, 'Lý Hoàng Hoàng', '2007-08-19', 'MALE', '120 Trung Kính, Cầu Giấy, Hà Nội', '0995 488 444', 'hohoang@nguyentrai.edu.vn', 'HS22043', NULL, 5),
(44, 'Phan Diệu Châu', '2007-06-26', 'FEMALE', 'Biệt thự Vinhomes Riverside, Long Biên, HN', '0953 386 710', 'dichau@nguyentrai.edu.vn', 'HS22044', NULL, 5),
(45, 'Nguyễn Tiến Nam', '2007-02-08', 'MALE', '105 Láng Hạ, Đống Đa, HN', '0962 600 668', 'tinam@nguyentrai.edu.vn', 'HS22045', NULL, 5),
(46, 'Trịnh Cát Quyên', '2007-01-03', 'FEMALE', '17 Lê Duẩn, Đống Đa, Hà Nội', '0938 514 808', 'caquyen@nguyentrai.edu.vn', 'HS22046', NULL, 5),
(47, 'Hồ Diệu Tuyết', '2007-09-12', 'FEMALE', '77 Trần Thái Tông, Cầu Giấy, HN', '0980 438 460', 'dituyet@nguyentrai.edu.vn', 'HS22047', NULL, 5),
(48, 'Đặng Hoàng Anh', '2007-12-07', 'MALE', '43 Nguyễn Chí Thanh, Ba Đình, HN', '0925 860 648', 'hoanh@nguyentrai.edu.vn', 'HS22048', NULL, 5),
(49, 'Vũ Phương Dương', '2007-08-09', 'FEMALE', '105 Láng Hạ, Đống Đa, HN', '0985 878 637', 'phduong@nguyentrai.edu.vn', 'HS22049', NULL, 5),
(50, 'Vũ Anh Chi', '2007-06-06', 'FEMALE', '17 Lê Duẩn, Đống Đa, Hà Nội', '0911 825 646', 'anchi@nguyentrai.edu.vn', 'HS22050', NULL, 5),
(51, 'Trần Bảo Sơn', '2007-12-05', 'MALE', '64 Hàng Trống, Hoàn Kiếm, HN', '0972 205 993', 'bason@nguyentrai.edu.vn', 'HS22051', NULL, 6),
(52, 'Trịnh Quốc Trung', '2007-03-02', 'MALE', 'Biệt thự Vinhomes Riverside, Long Biên, HN', '0971 216 941', 'qutrung@nguyentrai.edu.vn', 'HS22052', NULL, 6),
(53, 'Vương Quang Minh', '2007-03-26', 'MALE', '54 Cầu Giấy, Cầu Giấy, Hà Nội', '0948 187 354', 'quminh@nguyentrai.edu.vn', 'HS22053', NULL, 6),
(54, 'Cao Lan Quyên', '2007-10-08', 'FEMALE', '250 Minh Khai, Hai Bà Trưng, HN', '0976 489 561', 'laquyen@nguyentrai.edu.vn', 'HS22054', NULL, 6),
(55, 'Vương Đình Sơn', '2007-10-20', 'MALE', '48 Phố Huế, Hai Bà Trưng, Hà Nội', '0988 857 201', 'dison@nguyentrai.edu.vn', 'HS22055', NULL, 6),
(56, 'Vũ Gia Nghĩa', '2007-02-06', 'MALE', '55 Trần Duy Hưng, Cầu Giấy, HN', '0932 665 176', 'ginghia@nguyentrai.edu.vn', 'HS22056', NULL, 6),
(57, 'Cao Anh Sơn', '2007-01-08', 'MALE', '17 Lê Duẩn, Đống Đa, Hà Nội', '0946 819 980', 'anson@nguyentrai.edu.vn', 'HS22057', NULL, 6),
(58, 'Đặng Hương Bích', '2007-04-14', 'FEMALE', '23 Tố Hữu, Nam Từ Liêm, Hà Nội', '0979 330 763', 'hubich@nguyentrai.edu.vn', 'HS22058', NULL, 6),
(59, 'Hoàng Đức Hải', '2007-03-26', 'MALE', '17 Lê Duẩn, Đống Đa, Hà Nội', '0986 866 944', 'duhai@nguyentrai.edu.vn', 'HS22059', NULL, 6),
(60, 'Phạm Quốc Công', '2007-05-23', 'MALE', '28 Trần Hưng Đạo, Hoàn Kiếm, HN', '0944 612 652', 'qucong@nguyentrai.edu.vn', 'HS22060', NULL, 6);

-- TIER 5: STUDENT_PARENTS
INSERT INTO student_parents (student_id, parent_id) VALUES
(1, 1),
(2, 2),
(3, 3),
(4, 4),
(5, 5),
(5, 6),
(6, 6),
(6, 7),
(7, 7),
(7, 8),
(8, 8),
(9, 9),
(9, 10),
(10, 10),
(10, 11),
(11, 11),
(12, 12),
(13, 13),
(14, 14),
(14, 15),
(15, 15),
(16, 16),
(17, 17),
(18, 18),
(19, 19),
(20, 20),
(21, 21),
(21, 22),
(22, 22),
(23, 23),
(24, 24),
(25, 25),
(26, 26),
(27, 27),
(28, 28),
(29, 29),
(30, 30),
(31, 31),
(32, 32),
(33, 33),
(34, 34),
(35, 35),
(35, 36),
(36, 36),
(37, 37),
(38, 38),
(39, 39),
(40, 40),
(41, 1),
(42, 2),
(43, 3),
(43, 4),
(44, 4),
(45, 5),
(46, 6),
(47, 7),
(48, 8),
(49, 9),
(50, 10),
(50, 11),
(51, 11),
(51, 12),
(52, 12),
(52, 13),
(53, 13),
(53, 14),
(54, 14),
(55, 15),
(56, 16),
(56, 17),
(57, 17),
(58, 18),
(58, 19),
(59, 19),
(60, 20);

-- TIER 5: STUDENT_CARDS
INSERT INTO student_cards (id, card_number, issue_date, expiry_date, status, student_id) VALUES
(1, 'CARD-NT-24001', '2024-09-02', '2027-05-31', 'ACTIVE', 1),
(2, 'CARD-NT-24002', '2024-09-02', '2027-05-31', 'ACTIVE', 2),
(3, 'CARD-NT-24003', '2024-09-02', '2027-05-31', 'ACTIVE', 3),
(4, 'CARD-NT-24004', '2024-09-02', '2027-05-31', 'ACTIVE', 4),
(5, 'CARD-NT-24005', '2024-09-02', '2027-05-31', 'ACTIVE', 5),
(6, 'CARD-NT-24006', '2024-09-02', '2027-05-31', 'ACTIVE', 6),
(7, 'CARD-NT-24007', '2024-09-02', '2027-05-31', 'EXPIRED', 7),
(8, 'CARD-NT-24008', '2024-09-02', '2027-05-31', 'ACTIVE', 8),
(9, 'CARD-NT-24009', '2024-09-02', '2027-05-31', 'EXPIRED', 9),
(10, 'CARD-NT-24010', '2024-09-02', '2027-05-31', 'ACTIVE', 10),
(11, 'CARD-NT-24011', '2024-09-02', '2027-05-31', 'ACTIVE', 11),
(12, 'CARD-NT-24012', '2024-09-02', '2027-05-31', 'ACTIVE', 12),
(13, 'CARD-NT-24013', '2024-09-02', '2027-05-31', 'ACTIVE', 13),
(14, 'CARD-NT-24014', '2024-09-02', '2027-05-31', 'ACTIVE', 14),
(15, 'CARD-NT-24015', '2024-09-02', '2027-05-31', 'ACTIVE', 15),
(16, 'CARD-NT-24016', '2024-09-02', '2027-05-31', 'ACTIVE', 16),
(17, 'CARD-NT-24017', '2024-09-02', '2027-05-31', 'ACTIVE', 17),
(18, 'CARD-NT-24018', '2024-09-02', '2027-05-31', 'ACTIVE', 18),
(19, 'CARD-NT-24019', '2024-09-02', '2027-05-31', 'ACTIVE', 19),
(20, 'CARD-NT-24020', '2024-09-02', '2027-05-31', 'ACTIVE', 20),
(21, 'CARD-NT-23021', '2024-09-02', '2027-05-31', 'ACTIVE', 21),
(22, 'CARD-NT-23022', '2024-09-02', '2027-05-31', 'ACTIVE', 22),
(23, 'CARD-NT-23023', '2024-09-02', '2027-05-31', 'ACTIVE', 23),
(24, 'CARD-NT-23024', '2024-09-02', '2027-05-31', 'ACTIVE', 24),
(25, 'CARD-NT-23025', '2024-09-02', '2027-05-31', 'ACTIVE', 25),
(26, 'CARD-NT-23026', '2024-09-02', '2027-05-31', 'ACTIVE', 26),
(27, 'CARD-NT-23027', '2024-09-02', '2027-05-31', 'ACTIVE', 27),
(28, 'CARD-NT-23028', '2024-09-02', '2027-05-31', 'ACTIVE', 28),
(29, 'CARD-NT-23029', '2024-09-02', '2027-05-31', 'ACTIVE', 29),
(30, 'CARD-NT-23030', '2024-09-02', '2027-05-31', 'ACTIVE', 30),
(31, 'CARD-NT-23031', '2024-09-02', '2027-05-31', 'ACTIVE', 31),
(32, 'CARD-NT-23032', '2024-09-02', '2027-05-31', 'ACTIVE', 32),
(33, 'CARD-NT-23033', '2024-09-02', '2027-05-31', 'ACTIVE', 33),
(34, 'CARD-NT-23034', '2024-09-02', '2027-05-31', 'ACTIVE', 34),
(35, 'CARD-NT-23035', '2024-09-02', '2027-05-31', 'LOCKED', 35),
(36, 'CARD-NT-23036', '2024-09-02', '2027-05-31', 'ACTIVE', 36),
(37, 'CARD-NT-23037', '2024-09-02', '2027-05-31', 'EXPIRED', 37),
(38, 'CARD-NT-23038', '2024-09-02', '2027-05-31', 'ACTIVE', 38),
(39, 'CARD-NT-23039', '2024-09-02', '2027-05-31', 'ACTIVE', 39),
(40, 'CARD-NT-23040', '2024-09-02', '2027-05-31', 'ACTIVE', 40),
(41, 'CARD-NT-22041', '2024-09-02', '2027-05-31', 'ACTIVE', 41),
(42, 'CARD-NT-22042', '2024-09-02', '2027-05-31', 'ACTIVE', 42),
(43, 'CARD-NT-22043', '2024-09-02', '2027-05-31', 'ACTIVE', 43),
(44, 'CARD-NT-22044', '2024-09-02', '2027-05-31', 'ACTIVE', 44),
(45, 'CARD-NT-22045', '2024-09-02', '2027-05-31', 'ACTIVE', 45),
(46, 'CARD-NT-22046', '2024-09-02', '2027-05-31', 'ACTIVE', 46),
(47, 'CARD-NT-22047', '2024-09-02', '2027-05-31', 'ACTIVE', 47),
(48, 'CARD-NT-22048', '2024-09-02', '2027-05-31', 'ACTIVE', 48),
(49, 'CARD-NT-22049', '2024-09-02', '2027-05-31', 'ACTIVE', 49),
(50, 'CARD-NT-22050', '2024-09-02', '2027-05-31', 'ACTIVE', 50),
(51, 'CARD-NT-22051', '2024-09-02', '2027-05-31', 'EXPIRED', 51),
(52, 'CARD-NT-22052', '2024-09-02', '2027-05-31', 'ACTIVE', 52),
(53, 'CARD-NT-22053', '2024-09-02', '2027-05-31', 'ACTIVE', 53),
(54, 'CARD-NT-22054', '2024-09-02', '2027-05-31', 'ACTIVE', 54),
(55, 'CARD-NT-22055', '2024-09-02', '2027-05-31', 'ACTIVE', 55),
(56, 'CARD-NT-22056', '2024-09-02', '2027-05-31', 'ACTIVE', 56),
(57, 'CARD-NT-22057', '2024-09-02', '2027-05-31', 'EXPIRED', 57),
(58, 'CARD-NT-22058', '2024-09-02', '2027-05-31', 'ACTIVE', 58),
(59, 'CARD-NT-22059', '2024-09-02', '2027-05-31', 'ACTIVE', 59),
(60, 'CARD-NT-22060', '2024-09-02', '2027-05-31', 'ACTIVE', 60);

-- TIER 5: USER_ACCOUNTS
INSERT INTO user_accounts (id, username, password, role, enabled, staff_id, parent_id) VALUES
(1, 'admin.hung', '$2a$10$e0MYzXy5/0IkknYd8yIyee0yJYvLeGat7h7rkVf8jESoyNOxnZFx6', 'ADMIN', 1, 1, NULL),
(2, 'gv.anh', '$2a$10$e0MYzXy5/0IkknYd8yIyee0yJYvLeGat7h7rkVf8jESoyNOxnZFx6', 'EDUCATION_OFFICER', 1, 2, NULL),
(3, 'gv.trung', '$2a$10$e0MYzXy5/0IkknYd8yIyee0yJYvLeGat7h7rkVf8jESoyNOxnZFx6', 'EDUCATION_OFFICER', 1, 3, NULL),
(4, 'gv.ngoc', '$2a$10$e0MYzXy5/0IkknYd8yIyee0yJYvLeGat7h7rkVf8jESoyNOxnZFx6', 'TEACHER', 1, 4, NULL),
(5, 'gv.dung', '$2a$10$e0MYzXy5/0IkknYd8yIyee0yJYvLeGat7h7rkVf8jESoyNOxnZFx6', 'TEACHER', 1, 5, NULL),
(6, 'gv.lien', '$2a$10$e0MYzXy5/0IkknYd8yIyee0yJYvLeGat7h7rkVf8jESoyNOxnZFx6', 'TEACHER', 1, 6, NULL),
(7, 'gv.quan', '$2a$10$e0MYzXy5/0IkknYd8yIyee0yJYvLeGat7h7rkVf8jESoyNOxnZFx6', 'TEACHER', 1, 7, NULL),
(8, 'gv.thuy', '$2a$10$e0MYzXy5/0IkknYd8yIyee0yJYvLeGat7h7rkVf8jESoyNOxnZFx6', 'TEACHER', 1, 8, NULL),
(9, 'gv.hoan', '$2a$10$e0MYzXy5/0IkknYd8yIyee0yJYvLeGat7h7rkVf8jESoyNOxnZFx6', 'TEACHER', 1, 9, NULL),
(10, 'gv.tam', '$2a$10$e0MYzXy5/0IkknYd8yIyee0yJYvLeGat7h7rkVf8jESoyNOxnZFx6', 'TEACHER', 1, 10, NULL),
(11, 'gv.son', '$2a$10$e0MYzXy5/0IkknYd8yIyee0yJYvLeGat7h7rkVf8jESoyNOxnZFx6', 'TEACHER', 1, 11, NULL),
(12, 'gv.xuan', '$2a$10$e0MYzXy5/0IkknYd8yIyee0yJYvLeGat7h7rkVf8jESoyNOxnZFx6', 'TEACHER', 1, 12, NULL),
(13, 'gv.phuong', '$2a$10$e0MYzXy5/0IkknYd8yIyee0yJYvLeGat7h7rkVf8jESoyNOxnZFx6', 'TEACHER', 1, 13, NULL),
(14, 'gv.khoa', '$2a$10$e0MYzXy5/0IkknYd8yIyee0yJYvLeGat7h7rkVf8jESoyNOxnZFx6', 'TEACHER', 1, 14, NULL),
(15, 'gv.ha', '$2a$10$e0MYzXy5/0IkknYd8yIyee0yJYvLeGat7h7rkVf8jESoyNOxnZFx6', 'TEACHER', 1, 15, NULL),
(16, 'ph.quan1', '$2a$10$e0MYzXy5/0IkknYd8yIyee0yJYvLeGat7h7rkVf8jESoyNOxnZFx6', 'PARENT', 1, NULL, 1),
(17, 'ph.hai1', '$2a$10$e0MYzXy5/0IkknYd8yIyee0yJYvLeGat7h7rkVf8jESoyNOxnZFx6', 'PARENT', 1, NULL, 2),
(18, 'ph.cong1', '$2a$10$e0MYzXy5/0IkknYd8yIyee0yJYvLeGat7h7rkVf8jESoyNOxnZFx6', 'PARENT', 1, NULL, 3),
(19, 'ph.quyen1', '$2a$10$e0MYzXy5/0IkknYd8yIyee0yJYvLeGat7h7rkVf8jESoyNOxnZFx6', 'PARENT', 1, NULL, 4),
(20, 'ph.vy1', '$2a$10$e0MYzXy5/0IkknYd8yIyee0yJYvLeGat7h7rkVf8jESoyNOxnZFx6', 'PARENT', 1, NULL, 5),
(21, 'ph.my1', '$2a$10$e0MYzXy5/0IkknYd8yIyee0yJYvLeGat7h7rkVf8jESoyNOxnZFx6', 'PARENT', 1, NULL, 6),
(22, 'ph.tho1', '$2a$10$e0MYzXy5/0IkknYd8yIyee0yJYvLeGat7h7rkVf8jESoyNOxnZFx6', 'PARENT', 1, NULL, 7),
(23, 'ph.nguyet1', '$2a$10$e0MYzXy5/0IkknYd8yIyee0yJYvLeGat7h7rkVf8jESoyNOxnZFx6', 'PARENT', 1, NULL, 8),
(24, 'ph.my2', '$2a$10$e0MYzXy5/0IkknYd8yIyee0yJYvLeGat7h7rkVf8jESoyNOxnZFx6', 'PARENT', 1, NULL, 9),
(25, 'ph.mai1', '$2a$10$e0MYzXy5/0IkknYd8yIyee0yJYvLeGat7h7rkVf8jESoyNOxnZFx6', 'PARENT', 1, NULL, 10),
(26, 'ph.khoa1', '$2a$10$e0MYzXy5/0IkknYd8yIyee0yJYvLeGat7h7rkVf8jESoyNOxnZFx6', 'PARENT', 1, NULL, 11),
(27, 'ph.quan2', '$2a$10$e0MYzXy5/0IkknYd8yIyee0yJYvLeGat7h7rkVf8jESoyNOxnZFx6', 'PARENT', 1, NULL, 12),
(28, 'ph.long1', '$2a$10$e0MYzXy5/0IkknYd8yIyee0yJYvLeGat7h7rkVf8jESoyNOxnZFx6', 'PARENT', 1, NULL, 13),
(29, 'ph.vy2', '$2a$10$e0MYzXy5/0IkknYd8yIyee0yJYvLeGat7h7rkVf8jESoyNOxnZFx6', 'PARENT', 1, NULL, 14),
(30, 'ph.mai2', '$2a$10$e0MYzXy5/0IkknYd8yIyee0yJYvLeGat7h7rkVf8jESoyNOxnZFx6', 'PARENT', 1, NULL, 15),
(31, 'ph.tu1', '$2a$10$e0MYzXy5/0IkknYd8yIyee0yJYvLeGat7h7rkVf8jESoyNOxnZFx6', 'PARENT', 1, NULL, 16),
(32, 'ph.khai1', '$2a$10$e0MYzXy5/0IkknYd8yIyee0yJYvLeGat7h7rkVf8jESoyNOxnZFx6', 'PARENT', 1, NULL, 17),
(33, 'ph.hoang1', '$2a$10$e0MYzXy5/0IkknYd8yIyee0yJYvLeGat7h7rkVf8jESoyNOxnZFx6', 'PARENT', 1, NULL, 18),
(34, 'ph.duc1', '$2a$10$e0MYzXy5/0IkknYd8yIyee0yJYvLeGat7h7rkVf8jESoyNOxnZFx6', 'PARENT', 1, NULL, 19),
(35, 'ph.khai2', '$2a$10$e0MYzXy5/0IkknYd8yIyee0yJYvLeGat7h7rkVf8jESoyNOxnZFx6', 'PARENT', 1, NULL, 20),
(36, 'ph.dong1', '$2a$10$e0MYzXy5/0IkknYd8yIyee0yJYvLeGat7h7rkVf8jESoyNOxnZFx6', 'PARENT', 1, NULL, 21),
(37, 'ph.khanh1', '$2a$10$e0MYzXy5/0IkknYd8yIyee0yJYvLeGat7h7rkVf8jESoyNOxnZFx6', 'PARENT', 1, NULL, 22),
(38, 'ph.khoa2', '$2a$10$e0MYzXy5/0IkknYd8yIyee0yJYvLeGat7h7rkVf8jESoyNOxnZFx6', 'PARENT', 1, NULL, 23),
(39, 'ph.nghia1', '$2a$10$e0MYzXy5/0IkknYd8yIyee0yJYvLeGat7h7rkVf8jESoyNOxnZFx6', 'PARENT', 1, NULL, 24),
(40, 'ph.khanh2', '$2a$10$e0MYzXy5/0IkknYd8yIyee0yJYvLeGat7h7rkVf8jESoyNOxnZFx6', 'PARENT', 1, NULL, 25),
(41, 'ph.cong2', '$2a$10$e0MYzXy5/0IkknYd8yIyee0yJYvLeGat7h7rkVf8jESoyNOxnZFx6', 'PARENT', 1, NULL, 26),
(42, 'ph.chi1', '$2a$10$e0MYzXy5/0IkknYd8yIyee0yJYvLeGat7h7rkVf8jESoyNOxnZFx6', 'PARENT', 1, NULL, 27),
(43, 'ph.dong2', '$2a$10$e0MYzXy5/0IkknYd8yIyee0yJYvLeGat7h7rkVf8jESoyNOxnZFx6', 'PARENT', 1, NULL, 28),
(44, 'ph.dung1', '$2a$10$e0MYzXy5/0IkknYd8yIyee0yJYvLeGat7h7rkVf8jESoyNOxnZFx6', 'PARENT', 1, NULL, 29),
(45, 'ph.duc2', '$2a$10$e0MYzXy5/0IkknYd8yIyee0yJYvLeGat7h7rkVf8jESoyNOxnZFx6', 'PARENT', 1, NULL, 30),
(46, 'ph.lam1', '$2a$10$e0MYzXy5/0IkknYd8yIyee0yJYvLeGat7h7rkVf8jESoyNOxnZFx6', 'PARENT', 1, NULL, 31),
(47, 'ph.manh1', '$2a$10$e0MYzXy5/0IkknYd8yIyee0yJYvLeGat7h7rkVf8jESoyNOxnZFx6', 'PARENT', 1, NULL, 32),
(48, 'ph.huy1', '$2a$10$e0MYzXy5/0IkknYd8yIyee0yJYvLeGat7h7rkVf8jESoyNOxnZFx6', 'PARENT', 1, NULL, 33),
(49, 'ph.hung1', '$2a$10$e0MYzXy5/0IkknYd8yIyee0yJYvLeGat7h7rkVf8jESoyNOxnZFx6', 'PARENT', 1, NULL, 34),
(50, 'ph.vy3', '$2a$10$e0MYzXy5/0IkknYd8yIyee0yJYvLeGat7h7rkVf8jESoyNOxnZFx6', 'PARENT', 1, NULL, 35),
(51, 'ph.hai2', '$2a$10$e0MYzXy5/0IkknYd8yIyee0yJYvLeGat7h7rkVf8jESoyNOxnZFx6', 'PARENT', 1, NULL, 36),
(52, 'ph.hoa1', '$2a$10$e0MYzXy5/0IkknYd8yIyee0yJYvLeGat7h7rkVf8jESoyNOxnZFx6', 'PARENT', 1, NULL, 37),
(53, 'ph.long2', '$2a$10$e0MYzXy5/0IkknYd8yIyee0yJYvLeGat7h7rkVf8jESoyNOxnZFx6', 'PARENT', 1, NULL, 38),
(54, 'ph.vinh1', '$2a$10$e0MYzXy5/0IkknYd8yIyee0yJYvLeGat7h7rkVf8jESoyNOxnZFx6', 'PARENT', 1, NULL, 39),
(55, 'ph.oanh1', '$2a$10$e0MYzXy5/0IkknYd8yIyee0yJYvLeGat7h7rkVf8jESoyNOxnZFx6', 'PARENT', 1, NULL, 40);

-- TIER 6: SCORE_RECORDS
INSERT INTO score_records (student_id, subject_id, semester, school_year, score_15min, score_45min, score_final, average_score) VALUES
(1, 1, 'HK1', '2024-2025', 7.74, 8.72, 8.04, 8.22),
(1, 4, 'HK1', '2024-2025', 6.73, 9.26, 9.92, 9.17),
(1, 5, 'HK1', '2024-2025', 6.60, 7.98, 7.53, 7.53),
(1, 8, 'HK1', '2024-2025', 9.65, 7.79, 9.52, 8.96),
(2, 1, 'HK1', '2024-2025', 9.39, 6.74, 9.16, 8.39),
(2, 4, 'HK1', '2024-2025', 7.37, 9.70, 8.03, 8.48),
(2, 5, 'HK1', '2024-2025', 9.19, 6.77, 7.19, 7.38),
(2, 8, 'HK1', '2024-2025', 8.14, 10.00, 7.96, 8.67),
(3, 1, 'HK1', '2024-2025', 6.17, 7.92, 7.38, 7.36),
(3, 4, 'HK1', '2024-2025', 7.98, 7.95, 7.82, 7.89),
(3, 5, 'HK1', '2024-2025', 6.95, 6.35, 8.79, 7.67),
(3, 8, 'HK1', '2024-2025', 8.07, 6.55, 9.10, 8.08),
(4, 1, 'HK1', '2024-2025', 5.70, 8.85, 8.82, 8.31),
(4, 4, 'HK1', '2024-2025', 9.15, 7.24, 8.65, 8.26),
(4, 5, 'HK1', '2024-2025', 9.19, 9.91, 7.98, 8.83),
(4, 8, 'HK1', '2024-2025', 5.67, 7.76, 8.36, 7.71),
(5, 1, 'HK1', '2024-2025', 9.41, 9.43, 7.76, 8.59),
(5, 4, 'HK1', '2024-2025', 7.87, 7.56, 8.89, 8.28),
(5, 5, 'HK1', '2024-2025', 7.34, 8.45, 6.62, 7.35),
(5, 8, 'HK1', '2024-2025', 7.61, 9.86, 7.35, 8.23),
(6, 1, 'HK1', '2024-2025', 8.62, 8.42, 9.41, 8.95),
(6, 4, 'HK1', '2024-2025', 9.34, 9.37, 7.52, 8.44),
(6, 5, 'HK1', '2024-2025', 6.92, 8.73, 9.04, 8.58),
(6, 8, 'HK1', '2024-2025', 9.43, 5.66, 6.27, 6.59),
(7, 1, 'HK1', '2024-2025', 8.34, 9.64, 9.99, 9.60),
(7, 4, 'HK1', '2024-2025', 8.86, 7.45, 6.39, 7.15),
(7, 5, 'HK1', '2024-2025', 8.35, 9.43, 7.77, 8.42),
(7, 8, 'HK1', '2024-2025', 8.62, 9.57, 6.18, 7.72),
(8, 1, 'HK1', '2024-2025', 9.08, 6.82, 7.50, 7.54),
(8, 4, 'HK1', '2024-2025', 6.16, 7.89, 8.26, 7.79),
(8, 5, 'HK1', '2024-2025', 9.07, 6.26, 6.32, 6.76),
(8, 8, 'HK1', '2024-2025', 9.42, 8.29, 6.96, 7.81),
(9, 1, 'HK1', '2024-2025', 9.61, 6.14, 7.84, 7.57),
(9, 4, 'HK1', '2024-2025', 6.64, 6.65, 6.04, 6.34),
(9, 5, 'HK1', '2024-2025', 9.12, 9.56, 8.71, 9.06),
(9, 8, 'HK1', '2024-2025', 6.21, 7.49, 7.38, 7.22),
(10, 1, 'HK1', '2024-2025', 8.14, 8.38, 7.70, 8.00),
(10, 4, 'HK1', '2024-2025', 6.63, 9.30, 6.80, 7.60),
(10, 5, 'HK1', '2024-2025', 7.23, 7.67, 6.95, 7.24),
(10, 8, 'HK1', '2024-2025', 8.07, 8.09, 9.97, 9.03),
(11, 1, 'HK1', '2024-2025', 6.83, 9.90, 8.63, 8.75),
(11, 2, 'HK1', '2024-2025', 6.74, 8.05, 8.74, 8.18),
(11, 5, 'HK1', '2024-2025', 8.85, 5.72, 8.43, 7.60),
(11, 8, 'HK1', '2024-2025', 7.74, 9.57, 7.14, 8.05),
(12, 1, 'HK1', '2024-2025', 9.09, 8.23, 7.41, 7.96),
(12, 2, 'HK1', '2024-2025', 8.36, 8.29, 8.71, 8.51),
(12, 5, 'HK1', '2024-2025', 8.74, 8.47, 9.35, 8.96),
(12, 8, 'HK1', '2024-2025', 8.33, 9.57, 8.59, 8.87),
(13, 1, 'HK1', '2024-2025', 6.89, 7.48, 8.32, 7.80),
(13, 2, 'HK1', '2024-2025', 8.80, 5.91, 7.18, 7.03),
(13, 5, 'HK1', '2024-2025', 8.86, 6.29, 6.53, 6.84),
(13, 8, 'HK1', '2024-2025', 7.93, 9.87, 8.12, 8.67),
(14, 1, 'HK1', '2024-2025', 9.61, 9.24, 7.03, 8.20),
(14, 2, 'HK1', '2024-2025', 9.21, 7.67, 9.23, 8.71),
(14, 5, 'HK1', '2024-2025', 8.86, 7.02, 6.46, 7.05),
(14, 8, 'HK1', '2024-2025', 9.83, 6.13, 9.87, 8.62),
(15, 1, 'HK1', '2024-2025', 9.37, 8.76, 9.92, 9.44),
(15, 2, 'HK1', '2024-2025', 9.85, 9.12, 7.46, 8.41),
(15, 5, 'HK1', '2024-2025', 9.06, 5.56, 8.15, 7.44),
(15, 8, 'HK1', '2024-2025', 7.55, 8.53, 8.69, 8.45),
(16, 1, 'HK1', '2024-2025', 8.13, 9.20, 9.76, 9.30),
(16, 2, 'HK1', '2024-2025', 5.99, 6.55, 6.10, 6.23),
(16, 5, 'HK1', '2024-2025', 9.48, 8.03, 9.66, 9.09),
(16, 8, 'HK1', '2024-2025', 6.50, 5.78, 9.30, 7.66),
(17, 1, 'HK1', '2024-2025', 9.59, 6.86, 7.63, 7.70),
(17, 2, 'HK1', '2024-2025', 6.13, 9.76, 7.22, 7.89),
(17, 5, 'HK1', '2024-2025', 7.72, 5.94, 9.55, 8.04),
(17, 8, 'HK1', '2024-2025', 6.11, 7.54, 8.68, 7.87),
(18, 1, 'HK1', '2024-2025', 8.84, 9.76, 7.68, 8.57),
(18, 2, 'HK1', '2024-2025', 8.84, 6.20, 7.66, 7.37),
(18, 5, 'HK1', '2024-2025', 5.95, 7.70, 7.63, 7.37),
(18, 8, 'HK1', '2024-2025', 9.78, 5.65, 7.48, 7.25),
(19, 1, 'HK1', '2024-2025', 7.50, 9.78, 9.42, 9.22),
(19, 2, 'HK1', '2024-2025', 5.95, 8.59, 8.18, 7.95),
(19, 5, 'HK1', '2024-2025', 9.90, 7.11, 7.59, 7.82),
(19, 8, 'HK1', '2024-2025', 6.35, 6.05, 9.39, 7.77),
(20, 1, 'HK1', '2024-2025', 7.55, 8.48, 8.57, 8.37),
(20, 2, 'HK1', '2024-2025', 8.19, 5.60, 9.15, 7.81),
(20, 5, 'HK1', '2024-2025', 6.60, 6.07, 8.26, 7.25),
(20, 8, 'HK1', '2024-2025', 5.81, 8.94, 6.83, 7.36),
(21, 1, 'HK1', '2024-2025', 6.47, 9.41, 7.31, 7.87),
(21, 2, 'HK1', '2024-2025', 6.16, 9.55, 6.01, 7.22),
(21, 3, 'HK1', '2024-2025', 9.36, 6.15, 6.52, 6.87),
(21, 8, 'HK1', '2024-2025', 6.63, 6.29, 8.64, 7.52),
(22, 1, 'HK1', '2024-2025', 5.62, 5.57, 9.16, 7.37),
(22, 2, 'HK1', '2024-2025', 6.57, 6.96, 6.70, 6.77),
(22, 3, 'HK1', '2024-2025', 5.74, 8.84, 8.10, 7.95),
(22, 8, 'HK1', '2024-2025', 8.86, 7.64, 9.11, 8.58),
(23, 1, 'HK1', '2024-2025', 7.81, 5.99, 8.02, 7.31),
(23, 2, 'HK1', '2024-2025', 9.75, 5.70, 9.13, 8.09),
(23, 3, 'HK1', '2024-2025', 9.40, 7.85, 7.83, 8.10),
(23, 8, 'HK1', '2024-2025', 9.84, 5.77, 7.92, 7.52),
(24, 1, 'HK1', '2024-2025', 7.31, 8.59, 7.96, 8.06),
(24, 2, 'HK1', '2024-2025', 9.59, 5.83, 6.32, 6.70),
(24, 3, 'HK1', '2024-2025', 8.24, 5.80, 7.10, 6.86),
(24, 8, 'HK1', '2024-2025', 8.35, 7.97, 7.30, 7.70),
(25, 1, 'HK1', '2024-2025', 9.98, 7.89, 7.81, 8.20),
(25, 2, 'HK1', '2024-2025', 8.22, 5.95, 8.81, 7.76),
(25, 3, 'HK1', '2024-2025', 9.34, 8.43, 9.08, 8.91),
(25, 8, 'HK1', '2024-2025', 8.74, 6.47, 7.81, 7.52),
(26, 1, 'HK1', '2024-2025', 6.53, 7.03, 7.81, 7.34),
(26, 2, 'HK1', '2024-2025', 7.37, 5.93, 7.71, 7.06),
(26, 3, 'HK1', '2024-2025', 8.49, 7.18, 6.61, 7.11),
(26, 8, 'HK1', '2024-2025', 9.65, 5.80, 9.33, 8.21),
(27, 1, 'HK1', '2024-2025', 5.92, 5.93, 8.96, 7.44),
(27, 2, 'HK1', '2024-2025', 9.15, 8.00, 8.35, 8.37),
(27, 3, 'HK1', '2024-2025', 8.03, 6.98, 6.49, 6.91),
(27, 8, 'HK1', '2024-2025', 7.09, 8.49, 9.00, 8.51),
(28, 1, 'HK1', '2024-2025', 9.41, 8.74, 9.87, 9.42),
(28, 2, 'HK1', '2024-2025', 8.20, 7.08, 8.31, 7.88),
(28, 3, 'HK1', '2024-2025', 6.46, 8.46, 6.90, 7.35),
(28, 8, 'HK1', '2024-2025', 5.99, 9.30, 7.47, 7.83),
(29, 1, 'HK1', '2024-2025', 8.93, 8.08, 9.23, 8.80),
(29, 2, 'HK1', '2024-2025', 9.30, 9.89, 9.27, 9.48),
(29, 3, 'HK1', '2024-2025', 8.26, 8.39, 6.11, 7.23),
(29, 8, 'HK1', '2024-2025', 9.68, 9.23, 7.07, 8.22),
(30, 1, 'HK1', '2024-2025', 6.31, 8.66, 7.24, 7.56),
(30, 2, 'HK1', '2024-2025', 7.03, 5.53, 9.48, 7.75),
(30, 3, 'HK1', '2024-2025', 8.05, 7.30, 6.57, 7.06),
(30, 8, 'HK1', '2024-2025', 8.35, 5.64, 8.98, 7.76),
(31, 1, 'HK1', '2024-2025', 6.47, 7.39, 7.36, 7.22),
(31, 2, 'HK1', '2024-2025', 7.17, 8.75, 9.11, 8.67),
(31, 3, 'HK1', '2024-2025', 8.05, 5.88, 6.21, 6.41),
(31, 9, 'HK1', '2024-2025', 6.21, 8.28, 8.70, 8.14),
(32, 1, 'HK1', '2024-2025', 6.72, 8.48, 7.94, 7.92),
(32, 2, 'HK1', '2024-2025', 7.49, 6.73, 9.02, 8.00),
(32, 3, 'HK1', '2024-2025', 6.01, 7.43, 7.13, 7.04),
(32, 9, 'HK1', '2024-2025', 8.55, 7.69, 8.67, 8.32),
(33, 1, 'HK1', '2024-2025', 5.70, 7.28, 8.40, 7.58),
(33, 2, 'HK1', '2024-2025', 5.53, 6.86, 6.84, 6.63),
(33, 3, 'HK1', '2024-2025', 6.12, 6.65, 7.31, 6.89),
(33, 9, 'HK1', '2024-2025', 5.53, 8.86, 6.70, 7.23),
(34, 1, 'HK1', '2024-2025', 7.21, 8.67, 8.00, 8.09),
(34, 2, 'HK1', '2024-2025', 9.25, 9.13, 6.29, 7.73),
(34, 3, 'HK1', '2024-2025', 9.38, 5.69, 6.07, 6.50),
(34, 9, 'HK1', '2024-2025', 9.65, 9.38, 8.30, 8.88),
(35, 1, 'HK1', '2024-2025', 8.08, 8.69, 7.67, 8.08),
(35, 2, 'HK1', '2024-2025', 6.02, 5.59, 7.30, 6.52),
(35, 3, 'HK1', '2024-2025', 9.11, 8.28, 9.33, 8.94),
(35, 9, 'HK1', '2024-2025', 9.64, 5.90, 9.38, 8.26),
(36, 1, 'HK1', '2024-2025', 6.59, 8.15, 8.10, 7.86),
(36, 2, 'HK1', '2024-2025', 7.28, 6.90, 7.36, 7.19),
(36, 3, 'HK1', '2024-2025', 7.00, 6.26, 8.04, 7.27),
(36, 9, 'HK1', '2024-2025', 6.01, 7.79, 9.62, 8.41),
(37, 1, 'HK1', '2024-2025', 7.07, 8.77, 9.28, 8.74),
(37, 2, 'HK1', '2024-2025', 9.17, 6.56, 6.59, 7.01),
(37, 3, 'HK1', '2024-2025', 6.39, 8.21, 9.04, 8.32),
(37, 9, 'HK1', '2024-2025', 8.45, 6.30, 9.09, 8.05),
(38, 1, 'HK1', '2024-2025', 7.72, 8.90, 9.04, 8.77),
(38, 2, 'HK1', '2024-2025', 7.52, 9.66, 8.26, 8.60),
(38, 3, 'HK1', '2024-2025', 8.36, 8.31, 9.46, 8.89),
(38, 9, 'HK1', '2024-2025', 8.32, 6.18, 6.27, 6.58),
(39, 1, 'HK1', '2024-2025', 7.49, 6.86, 7.10, 7.08),
(39, 2, 'HK1', '2024-2025', 5.75, 7.78, 7.24, 7.17),
(39, 3, 'HK1', '2024-2025', 7.53, 5.76, 9.33, 7.84),
(39, 9, 'HK1', '2024-2025', 5.85, 9.39, 9.42, 8.81),
(40, 1, 'HK1', '2024-2025', 8.27, 7.78, 7.85, 7.90),
(40, 2, 'HK1', '2024-2025', 7.99, 9.06, 9.58, 9.14),
(40, 3, 'HK1', '2024-2025', 7.52, 9.14, 8.61, 8.60),
(40, 9, 'HK1', '2024-2025', 6.95, 7.64, 6.60, 7.00),
(41, 5, 'HK1', '2024-2025', 5.78, 5.97, 9.60, 7.75),
(41, 6, 'HK1', '2024-2025', 7.05, 8.71, 8.02, 8.09),
(41, 7, 'HK1', '2024-2025', 6.28, 6.61, 7.75, 7.12),
(41, 10, 'HK1', '2024-2025', 7.48, 7.85, 6.63, 7.18),
(42, 5, 'HK1', '2024-2025', 7.18, 6.77, 7.64, 7.27),
(42, 6, 'HK1', '2024-2025', 7.02, 8.19, 9.16, 8.48),
(42, 7, 'HK1', '2024-2025', 8.41, 5.80, 6.38, 6.52),
(42, 10, 'HK1', '2024-2025', 8.55, 6.78, 8.89, 8.13),
(43, 5, 'HK1', '2024-2025', 8.45, 9.58, 9.49, 9.35),
(43, 6, 'HK1', '2024-2025', 7.00, 8.12, 6.57, 7.16),
(43, 7, 'HK1', '2024-2025', 7.07, 9.85, 8.79, 8.86),
(43, 10, 'HK1', '2024-2025', 7.26, 8.18, 9.75, 8.81),
(44, 5, 'HK1', '2024-2025', 6.89, 7.20, 9.17, 8.13),
(44, 6, 'HK1', '2024-2025', 9.16, 8.52, 9.32, 9.03),
(44, 7, 'HK1', '2024-2025', 8.82, 8.58, 8.11, 8.38),
(44, 10, 'HK1', '2024-2025', 8.41, 7.41, 7.45, 7.60),
(45, 5, 'HK1', '2024-2025', 7.13, 6.31, 6.86, 6.72),
(45, 6, 'HK1', '2024-2025', 9.76, 7.69, 6.91, 7.65),
(45, 7, 'HK1', '2024-2025', 6.12, 5.85, 9.38, 7.66),
(45, 10, 'HK1', '2024-2025', 5.96, 8.97, 9.34, 8.65),
(46, 5, 'HK1', '2024-2025', 9.48, 5.67, 7.35, 7.14),
(46, 6, 'HK1', '2024-2025', 8.95, 6.09, 7.51, 7.28),
(46, 7, 'HK1', '2024-2025', 6.23, 9.24, 9.08, 8.66),
(46, 10, 'HK1', '2024-2025', 9.14, 6.24, 7.75, 7.48),
(47, 5, 'HK1', '2024-2025', 7.35, 8.54, 6.95, 7.55),
(47, 6, 'HK1', '2024-2025', 7.50, 6.78, 8.99, 8.01),
(47, 7, 'HK1', '2024-2025', 7.52, 7.90, 7.24, 7.51),
(47, 10, 'HK1', '2024-2025', 9.14, 7.61, 9.34, 8.73),
(48, 5, 'HK1', '2024-2025', 7.16, 9.76, 9.94, 9.42),
(48, 6, 'HK1', '2024-2025', 7.58, 6.77, 7.53, 7.28),
(48, 7, 'HK1', '2024-2025', 7.87, 9.85, 9.27, 9.23),
(48, 10, 'HK1', '2024-2025', 9.11, 6.12, 7.00, 7.06),
(49, 5, 'HK1', '2024-2025', 8.39, 9.43, 8.22, 8.65),
(49, 6, 'HK1', '2024-2025', 5.96, 9.31, 9.40, 8.80),
(49, 7, 'HK1', '2024-2025', 6.78, 8.93, 7.09, 7.65),
(49, 10, 'HK1', '2024-2025', 9.57, 6.16, 7.75, 7.52),
(50, 5, 'HK1', '2024-2025', 9.76, 6.50, 7.80, 7.69),
(50, 6, 'HK1', '2024-2025', 7.07, 5.62, 6.21, 6.16),
(50, 7, 'HK1', '2024-2025', 7.76, 6.56, 9.98, 8.47),
(50, 10, 'HK1', '2024-2025', 7.19, 5.63, 9.72, 7.93),
(51, 8, 'HK1', '2024-2025', 9.28, 8.42, 9.17, 8.94),
(51, 5, 'HK1', '2024-2025', 6.12, 6.79, 9.32, 7.94),
(51, 6, 'HK1', '2024-2025', 8.63, 6.12, 8.82, 7.89),
(51, 10, 'HK1', '2024-2025', 7.52, 5.52, 6.32, 6.25),
(52, 8, 'HK1', '2024-2025', 6.65, 9.26, 8.20, 8.29),
(52, 5, 'HK1', '2024-2025', 8.77, 7.87, 6.44, 7.30),
(52, 6, 'HK1', '2024-2025', 6.80, 6.86, 6.19, 6.52),
(52, 10, 'HK1', '2024-2025', 7.39, 9.07, 7.83, 8.17),
(53, 8, 'HK1', '2024-2025', 6.00, 9.57, 8.39, 8.38),
(53, 5, 'HK1', '2024-2025', 5.57, 7.82, 6.97, 7.02),
(53, 6, 'HK1', '2024-2025', 6.15, 7.43, 8.46, 7.73),
(53, 10, 'HK1', '2024-2025', 6.58, 7.37, 8.66, 7.88),
(54, 8, 'HK1', '2024-2025', 5.89, 9.89, 6.27, 7.41),
(54, 5, 'HK1', '2024-2025', 7.87, 7.78, 9.95, 8.88),
(54, 6, 'HK1', '2024-2025', 7.99, 7.26, 7.88, 7.69),
(54, 10, 'HK1', '2024-2025', 8.36, 9.91, 7.01, 8.20),
(55, 8, 'HK1', '2024-2025', 5.57, 9.05, 7.38, 7.64),
(55, 5, 'HK1', '2024-2025', 8.80, 8.33, 9.09, 8.79),
(55, 6, 'HK1', '2024-2025', 8.81, 7.00, 6.18, 6.89),
(55, 10, 'HK1', '2024-2025', 7.96, 9.16, 6.70, 7.73),
(56, 8, 'HK1', '2024-2025', 9.01, 7.59, 8.78, 8.42),
(56, 5, 'HK1', '2024-2025', 8.34, 9.15, 6.25, 7.57),
(56, 6, 'HK1', '2024-2025', 8.99, 7.56, 7.17, 7.60),
(56, 10, 'HK1', '2024-2025', 5.70, 6.40, 6.17, 6.17),
(57, 8, 'HK1', '2024-2025', 9.70, 7.82, 9.96, 9.20),
(57, 5, 'HK1', '2024-2025', 7.94, 6.64, 9.01, 8.04),
(57, 6, 'HK1', '2024-2025', 6.36, 7.11, 9.12, 7.99),
(57, 10, 'HK1', '2024-2025', 9.40, 6.99, 6.50, 7.15),
(58, 8, 'HK1', '2024-2025', 7.16, 9.50, 8.97, 8.85),
(58, 5, 'HK1', '2024-2025', 9.53, 7.24, 9.89, 8.95),
(58, 6, 'HK1', '2024-2025', 7.73, 7.74, 9.70, 8.72),
(58, 10, 'HK1', '2024-2025', 7.84, 9.11, 8.91, 8.80),
(59, 8, 'HK1', '2024-2025', 5.86, 8.21, 9.29, 8.36),
(59, 5, 'HK1', '2024-2025', 7.95, 6.95, 6.32, 6.80),
(59, 6, 'HK1', '2024-2025', 8.47, 6.88, 8.41, 7.91),
(59, 10, 'HK1', '2024-2025', 7.42, 8.60, 7.41, 7.81),
(60, 8, 'HK1', '2024-2025', 5.69, 9.42, 7.41, 7.79),
(60, 5, 'HK1', '2024-2025', 9.99, 6.74, 9.92, 8.87),
(60, 6, 'HK1', '2024-2025', 9.77, 5.84, 8.55, 7.85),
(60, 10, 'HK1', '2024-2025', 7.13, 9.10, 8.72, 8.58);

-- TIER 6: GRADE_SLIPS
INSERT INTO grade_slips (student_id, subject_id, title, score_type, score, exam_date, remarks) VALUES
(1, 4, 'Miệng - Cấu trúc dữ liệu Stack/Queue', 'ORAL', 9.81, '2024-09-28', 'Học sinh Lê Minh Lâm hoàn thành bài kiểm tra Miệng - Cấu trúc dữ liệu Stack/Queue khá tốt.'),
(1, 4, '15 phút - Độ phức tạp thuật toán', '15MIN', 8.43, '2024-10-02', 'Học sinh Lê Minh Lâm hoàn thành bài kiểm tra 15 phút - Độ phức tạp thuật toán khá tốt.'),
(1, 4, '45 phút - Lập trình C++ nâng cao', '45MIN', 6.50, '2024-09-25', 'Học sinh Lê Minh Lâm hoàn thành bài kiểm tra 45 phút - Lập trình C++ nâng cao khá tốt.'),
(1, 4, 'Thi học kỳ - Quy hoạch động', 'FINAL', 8.58, '2024-12-20', 'Học sinh Lê Minh Lâm hoàn thành bài kiểm tra Thi học kỳ - Quy hoạch động khá tốt.'),
(2, 4, 'Miệng - Cấu trúc dữ liệu Stack/Queue', 'ORAL', 7.45, '2024-11-02', 'Học sinh Hồ Đức Long hoàn thành bài kiểm tra Miệng - Cấu trúc dữ liệu Stack/Queue khá tốt.'),
(2, 4, '15 phút - Độ phức tạp thuật toán', '15MIN', 8.42, '2024-11-15', 'Học sinh Hồ Đức Long hoàn thành bài kiểm tra 15 phút - Độ phức tạp thuật toán khá tốt.'),
(2, 4, '45 phút - Lập trình C++ nâng cao', '45MIN', 9.80, '2024-10-15', 'Học sinh Hồ Đức Long hoàn thành bài kiểm tra 45 phút - Lập trình C++ nâng cao khá tốt.'),
(2, 4, 'Thi học kỳ - Quy hoạch động', 'FINAL', 9.05, '2024-12-20', 'Học sinh Hồ Đức Long hoàn thành bài kiểm tra Thi học kỳ - Quy hoạch động khá tốt.'),
(3, 4, 'Miệng - Cấu trúc dữ liệu Stack/Queue', 'ORAL', 8.30, '2024-11-12', 'Học sinh Đoàn Minh Nghĩa hoàn thành bài kiểm tra Miệng - Cấu trúc dữ liệu Stack/Queue khá tốt.'),
(3, 4, '15 phút - Độ phức tạp thuật toán', '15MIN', 7.59, '2024-11-09', 'Học sinh Đoàn Minh Nghĩa hoàn thành bài kiểm tra 15 phút - Độ phức tạp thuật toán khá tốt.'),
(3, 4, '45 phút - Lập trình C++ nâng cao', '45MIN', 7.00, '2024-09-01', 'Học sinh Đoàn Minh Nghĩa hoàn thành bài kiểm tra 45 phút - Lập trình C++ nâng cao khá tốt.'),
(3, 4, 'Thi học kỳ - Quy hoạch động', 'FINAL', 8.94, '2024-12-20', 'Học sinh Đoàn Minh Nghĩa hoàn thành bài kiểm tra Thi học kỳ - Quy hoạch động khá tốt.'),
(4, 4, 'Miệng - Cấu trúc dữ liệu Stack/Queue', 'ORAL', 8.00, '2024-10-18', 'Học sinh Lương Bích Hà hoàn thành bài kiểm tra Miệng - Cấu trúc dữ liệu Stack/Queue khá tốt.'),
(4, 4, '15 phút - Độ phức tạp thuật toán', '15MIN', 6.47, '2024-10-23', 'Học sinh Lương Bích Hà hoàn thành bài kiểm tra 15 phút - Độ phức tạp thuật toán khá tốt.'),
(4, 4, '45 phút - Lập trình C++ nâng cao', '45MIN', 7.79, '2024-11-10', 'Học sinh Lương Bích Hà hoàn thành bài kiểm tra 45 phút - Lập trình C++ nâng cao khá tốt.'),
(4, 4, 'Thi học kỳ - Quy hoạch động', 'FINAL', 8.78, '2024-12-20', 'Học sinh Lương Bích Hà hoàn thành bài kiểm tra Thi học kỳ - Quy hoạch động khá tốt.'),
(5, 4, 'Miệng - Cấu trúc dữ liệu Stack/Queue', 'ORAL', 9.99, '2024-09-04', 'Học sinh Trịnh Gia Long hoàn thành bài kiểm tra Miệng - Cấu trúc dữ liệu Stack/Queue khá tốt.'),
(5, 4, '15 phút - Độ phức tạp thuật toán', '15MIN', 6.54, '2024-09-15', 'Học sinh Trịnh Gia Long hoàn thành bài kiểm tra 15 phút - Độ phức tạp thuật toán khá tốt.'),
(5, 4, '45 phút - Lập trình C++ nâng cao', '45MIN', 6.69, '2024-11-15', 'Học sinh Trịnh Gia Long hoàn thành bài kiểm tra 45 phút - Lập trình C++ nâng cao khá tốt.'),
(5, 4, 'Thi học kỳ - Quy hoạch động', 'FINAL', 9.99, '2024-12-20', 'Học sinh Trịnh Gia Long hoàn thành bài kiểm tra Thi học kỳ - Quy hoạch động khá tốt.'),
(6, 4, 'Miệng - Cấu trúc dữ liệu Stack/Queue', 'ORAL', 9.24, '2024-10-22', 'Học sinh Hoàng Gia Huy hoàn thành bài kiểm tra Miệng - Cấu trúc dữ liệu Stack/Queue khá tốt.'),
(6, 4, '15 phút - Độ phức tạp thuật toán', '15MIN', 7.39, '2024-09-18', 'Học sinh Hoàng Gia Huy hoàn thành bài kiểm tra 15 phút - Độ phức tạp thuật toán khá tốt.'),
(6, 4, '45 phút - Lập trình C++ nâng cao', '45MIN', 8.17, '2024-10-28', 'Học sinh Hoàng Gia Huy hoàn thành bài kiểm tra 45 phút - Lập trình C++ nâng cao khá tốt.'),
(6, 4, 'Thi học kỳ - Quy hoạch động', 'FINAL', 6.63, '2024-12-20', 'Học sinh Hoàng Gia Huy hoàn thành bài kiểm tra Thi học kỳ - Quy hoạch động khá tốt.'),
(7, 4, 'Miệng - Cấu trúc dữ liệu Stack/Queue', 'ORAL', 8.84, '2024-11-21', 'Học sinh Hoàng Quỳnh Hương hoàn thành bài kiểm tra Miệng - Cấu trúc dữ liệu Stack/Queue khá tốt.'),
(7, 4, '15 phút - Độ phức tạp thuật toán', '15MIN', 6.70, '2024-10-17', 'Học sinh Hoàng Quỳnh Hương hoàn thành bài kiểm tra 15 phút - Độ phức tạp thuật toán khá tốt.'),
(7, 4, '45 phút - Lập trình C++ nâng cao', '45MIN', 6.90, '2024-09-26', 'Học sinh Hoàng Quỳnh Hương hoàn thành bài kiểm tra 45 phút - Lập trình C++ nâng cao khá tốt.'),
(7, 4, 'Thi học kỳ - Quy hoạch động', 'FINAL', 6.56, '2024-12-20', 'Học sinh Hoàng Quỳnh Hương hoàn thành bài kiểm tra Thi học kỳ - Quy hoạch động khá tốt.'),
(8, 4, 'Miệng - Cấu trúc dữ liệu Stack/Queue', 'ORAL', 9.16, '2024-09-12', 'Học sinh Trần Tuấn Nam hoàn thành bài kiểm tra Miệng - Cấu trúc dữ liệu Stack/Queue khá tốt.'),
(8, 4, '15 phút - Độ phức tạp thuật toán', '15MIN', 8.22, '2024-10-15', 'Học sinh Trần Tuấn Nam hoàn thành bài kiểm tra 15 phút - Độ phức tạp thuật toán khá tốt.'),
(8, 4, '45 phút - Lập trình C++ nâng cao', '45MIN', 9.21, '2024-11-05', 'Học sinh Trần Tuấn Nam hoàn thành bài kiểm tra 45 phút - Lập trình C++ nâng cao khá tốt.'),
(8, 4, 'Thi học kỳ - Quy hoạch động', 'FINAL', 8.45, '2024-12-20', 'Học sinh Trần Tuấn Nam hoàn thành bài kiểm tra Thi học kỳ - Quy hoạch động khá tốt.'),
(9, 4, 'Miệng - Cấu trúc dữ liệu Stack/Queue', 'ORAL', 6.34, '2024-10-13', 'Học sinh Cao Bích Thơ hoàn thành bài kiểm tra Miệng - Cấu trúc dữ liệu Stack/Queue khá tốt.'),
(9, 4, '15 phút - Độ phức tạp thuật toán', '15MIN', 10.00, '2024-11-16', 'Học sinh Cao Bích Thơ hoàn thành bài kiểm tra 15 phút - Độ phức tạp thuật toán khá tốt.'),
(9, 4, '45 phút - Lập trình C++ nâng cao', '45MIN', 8.10, '2024-10-27', 'Học sinh Cao Bích Thơ hoàn thành bài kiểm tra 45 phút - Lập trình C++ nâng cao khá tốt.'),
(9, 4, 'Thi học kỳ - Quy hoạch động', 'FINAL', 8.30, '2024-12-20', 'Học sinh Cao Bích Thơ hoàn thành bài kiểm tra Thi học kỳ - Quy hoạch động khá tốt.'),
(10, 4, 'Miệng - Cấu trúc dữ liệu Stack/Queue', 'ORAL', 6.50, '2024-10-21', 'Học sinh Dương Minh Hà hoàn thành bài kiểm tra Miệng - Cấu trúc dữ liệu Stack/Queue khá tốt.'),
(10, 4, '15 phút - Độ phức tạp thuật toán', '15MIN', 6.30, '2024-10-22', 'Học sinh Dương Minh Hà hoàn thành bài kiểm tra 15 phút - Độ phức tạp thuật toán khá tốt.'),
(10, 4, '45 phút - Lập trình C++ nâng cao', '45MIN', 8.07, '2024-09-27', 'Học sinh Dương Minh Hà hoàn thành bài kiểm tra 45 phút - Lập trình C++ nâng cao khá tốt.'),
(10, 4, 'Thi học kỳ - Quy hoạch động', 'FINAL', 9.12, '2024-12-20', 'Học sinh Dương Minh Hà hoàn thành bài kiểm tra Thi học kỳ - Quy hoạch động khá tốt.'),
(11, 1, 'Miệng - Hàm số lượng giác', 'ORAL', 8.56, '2024-09-25', 'Học sinh Vũ Quốc Dũng hoàn thành bài kiểm tra Miệng - Hàm số lượng giác khá tốt.'),
(11, 1, '15 phút - Hình học không gian', '15MIN', 9.87, '2024-10-17', 'Học sinh Vũ Quốc Dũng hoàn thành bài kiểm tra 15 phút - Hình học không gian khá tốt.'),
(11, 1, '45 phút - Giải tích tích phân', '45MIN', 9.64, '2024-09-27', 'Học sinh Vũ Quốc Dũng hoàn thành bài kiểm tra 45 phút - Giải tích tích phân khá tốt.'),
(11, 1, 'Thi học kỳ - Đạo hàm bậc cao', 'FINAL', 6.50, '2024-12-20', 'Học sinh Vũ Quốc Dũng hoàn thành bài kiểm tra Thi học kỳ - Đạo hàm bậc cao khá tốt.'),
(12, 1, 'Miệng - Hàm số lượng giác', 'ORAL', 6.61, '2024-09-06', 'Học sinh Đặng Đức Hoàng hoàn thành bài kiểm tra Miệng - Hàm số lượng giác khá tốt.'),
(12, 1, '15 phút - Hình học không gian', '15MIN', 7.29, '2024-11-08', 'Học sinh Đặng Đức Hoàng hoàn thành bài kiểm tra 15 phút - Hình học không gian khá tốt.'),
(12, 1, '45 phút - Giải tích tích phân', '45MIN', 7.38, '2024-11-10', 'Học sinh Đặng Đức Hoàng hoàn thành bài kiểm tra 45 phút - Giải tích tích phân khá tốt.'),
(12, 1, 'Thi học kỳ - Đạo hàm bậc cao', 'FINAL', 9.38, '2024-12-20', 'Học sinh Đặng Đức Hoàng hoàn thành bài kiểm tra Thi học kỳ - Đạo hàm bậc cao khá tốt.'),
(13, 1, 'Miệng - Hàm số lượng giác', 'ORAL', 7.00, '2024-11-18', 'Học sinh Nguyễn Thanh Quỳnh hoàn thành bài kiểm tra Miệng - Hàm số lượng giác khá tốt.'),
(13, 1, '15 phút - Hình học không gian', '15MIN', 7.10, '2024-11-10', 'Học sinh Nguyễn Thanh Quỳnh hoàn thành bài kiểm tra 15 phút - Hình học không gian khá tốt.'),
(13, 1, '45 phút - Giải tích tích phân', '45MIN', 8.46, '2024-09-17', 'Học sinh Nguyễn Thanh Quỳnh hoàn thành bài kiểm tra 45 phút - Giải tích tích phân khá tốt.'),
(13, 1, 'Thi học kỳ - Đạo hàm bậc cao', 'FINAL', 8.56, '2024-12-20', 'Học sinh Nguyễn Thanh Quỳnh hoàn thành bài kiểm tra Thi học kỳ - Đạo hàm bậc cao khá tốt.'),
(14, 1, 'Miệng - Hàm số lượng giác', 'ORAL', 8.37, '2024-11-05', 'Học sinh Đỗ Đình Khải hoàn thành bài kiểm tra Miệng - Hàm số lượng giác khá tốt.'),
(14, 1, '15 phút - Hình học không gian', '15MIN', 6.68, '2024-11-24', 'Học sinh Đỗ Đình Khải hoàn thành bài kiểm tra 15 phút - Hình học không gian khá tốt.'),
(14, 1, '45 phút - Giải tích tích phân', '45MIN', 9.61, '2024-10-27', 'Học sinh Đỗ Đình Khải hoàn thành bài kiểm tra 45 phút - Giải tích tích phân khá tốt.'),
(14, 1, 'Thi học kỳ - Đạo hàm bậc cao', 'FINAL', 9.70, '2024-12-20', 'Học sinh Đỗ Đình Khải hoàn thành bài kiểm tra Thi học kỳ - Đạo hàm bậc cao khá tốt.'),
(15, 1, 'Miệng - Hàm số lượng giác', 'ORAL', 6.16, '2024-09-03', 'Học sinh Đoàn Bảo Nghĩa hoàn thành bài kiểm tra Miệng - Hàm số lượng giác khá tốt.'),
(15, 1, '15 phút - Hình học không gian', '15MIN', 6.18, '2024-11-25', 'Học sinh Đoàn Bảo Nghĩa hoàn thành bài kiểm tra 15 phút - Hình học không gian khá tốt.'),
(15, 1, '45 phút - Giải tích tích phân', '45MIN', 8.31, '2024-11-07', 'Học sinh Đoàn Bảo Nghĩa hoàn thành bài kiểm tra 45 phút - Giải tích tích phân khá tốt.'),
(15, 1, 'Thi học kỳ - Đạo hàm bậc cao', 'FINAL', 9.07, '2024-12-20', 'Học sinh Đoàn Bảo Nghĩa hoàn thành bài kiểm tra Thi học kỳ - Đạo hàm bậc cao khá tốt.'),
(16, 1, 'Miệng - Hàm số lượng giác', 'ORAL', 7.67, '2024-11-01', 'Học sinh Đỗ Lan Lan hoàn thành bài kiểm tra Miệng - Hàm số lượng giác khá tốt.'),
(16, 1, '15 phút - Hình học không gian', '15MIN', 7.99, '2024-11-18', 'Học sinh Đỗ Lan Lan hoàn thành bài kiểm tra 15 phút - Hình học không gian khá tốt.'),
(16, 1, '45 phút - Giải tích tích phân', '45MIN', 7.16, '2024-10-16', 'Học sinh Đỗ Lan Lan hoàn thành bài kiểm tra 45 phút - Giải tích tích phân khá tốt.'),
(16, 1, 'Thi học kỳ - Đạo hàm bậc cao', 'FINAL', 6.98, '2024-12-20', 'Học sinh Đỗ Lan Lan hoàn thành bài kiểm tra Thi học kỳ - Đạo hàm bậc cao khá tốt.'),
(17, 1, 'Miệng - Hàm số lượng giác', 'ORAL', 9.23, '2024-10-10', 'Học sinh Bùi Bảo Minh hoàn thành bài kiểm tra Miệng - Hàm số lượng giác khá tốt.'),
(17, 1, '15 phút - Hình học không gian', '15MIN', 7.81, '2024-11-02', 'Học sinh Bùi Bảo Minh hoàn thành bài kiểm tra 15 phút - Hình học không gian khá tốt.'),
(17, 1, '45 phút - Giải tích tích phân', '45MIN', 6.63, '2024-10-16', 'Học sinh Bùi Bảo Minh hoàn thành bài kiểm tra 45 phút - Giải tích tích phân khá tốt.'),
(17, 1, 'Thi học kỳ - Đạo hàm bậc cao', 'FINAL', 7.86, '2024-12-20', 'Học sinh Bùi Bảo Minh hoàn thành bài kiểm tra Thi học kỳ - Đạo hàm bậc cao khá tốt.'),
(18, 1, 'Miệng - Hàm số lượng giác', 'ORAL', 7.36, '2024-09-11', 'Học sinh Bùi Mỹ Tuyết hoàn thành bài kiểm tra Miệng - Hàm số lượng giác khá tốt.'),
(18, 1, '15 phút - Hình học không gian', '15MIN', 9.45, '2024-10-24', 'Học sinh Bùi Mỹ Tuyết hoàn thành bài kiểm tra 15 phút - Hình học không gian khá tốt.'),
(18, 1, '45 phút - Giải tích tích phân', '45MIN', 9.95, '2024-10-13', 'Học sinh Bùi Mỹ Tuyết hoàn thành bài kiểm tra 45 phút - Giải tích tích phân khá tốt.'),
(18, 1, 'Thi học kỳ - Đạo hàm bậc cao', 'FINAL', 6.52, '2024-12-20', 'Học sinh Bùi Mỹ Tuyết hoàn thành bài kiểm tra Thi học kỳ - Đạo hàm bậc cao khá tốt.'),
(19, 1, 'Miệng - Hàm số lượng giác', 'ORAL', 7.48, '2024-11-04', 'Học sinh Lý Cát Huyền hoàn thành bài kiểm tra Miệng - Hàm số lượng giác khá tốt.'),
(19, 1, '15 phút - Hình học không gian', '15MIN', 7.28, '2024-10-04', 'Học sinh Lý Cát Huyền hoàn thành bài kiểm tra 15 phút - Hình học không gian khá tốt.'),
(19, 1, '45 phút - Giải tích tích phân', '45MIN', 7.07, '2024-09-05', 'Học sinh Lý Cát Huyền hoàn thành bài kiểm tra 45 phút - Giải tích tích phân khá tốt.'),
(19, 1, 'Thi học kỳ - Đạo hàm bậc cao', 'FINAL', 6.39, '2024-12-20', 'Học sinh Lý Cát Huyền hoàn thành bài kiểm tra Thi học kỳ - Đạo hàm bậc cao khá tốt.'),
(20, 1, 'Miệng - Hàm số lượng giác', 'ORAL', 7.16, '2024-10-28', 'Học sinh Bùi Hoài Bích hoàn thành bài kiểm tra Miệng - Hàm số lượng giác khá tốt.'),
(20, 1, '15 phút - Hình học không gian', '15MIN', 8.46, '2024-09-28', 'Học sinh Bùi Hoài Bích hoàn thành bài kiểm tra 15 phút - Hình học không gian khá tốt.'),
(20, 1, '45 phút - Giải tích tích phân', '45MIN', 9.61, '2024-10-19', 'Học sinh Bùi Hoài Bích hoàn thành bài kiểm tra 45 phút - Giải tích tích phân khá tốt.'),
(20, 1, 'Thi học kỳ - Đạo hàm bậc cao', 'FINAL', 8.88, '2024-12-20', 'Học sinh Bùi Hoài Bích hoàn thành bài kiểm tra Thi học kỳ - Đạo hàm bậc cao khá tốt.'),
(21, 2, 'Miệng - Cơ học Newton', 'ORAL', 6.76, '2024-09-16', 'Học sinh Vũ Văn Hùng hoàn thành bài kiểm tra Miệng - Cơ học Newton khá tốt.'),
(21, 2, '15 phút - Điện từ trường', '15MIN', 9.98, '2024-10-16', 'Học sinh Vũ Văn Hùng hoàn thành bài kiểm tra 15 phút - Điện từ trường khá tốt.'),
(21, 2, '45 phút - Quang hình học', '45MIN', 9.52, '2024-10-01', 'Học sinh Vũ Văn Hùng hoàn thành bài kiểm tra 45 phút - Quang hình học khá tốt.'),
(21, 2, 'Thi học kỳ - Vật lý hạt nhân', 'FINAL', 6.36, '2024-12-20', 'Học sinh Vũ Văn Hùng hoàn thành bài kiểm tra Thi học kỳ - Vật lý hạt nhân khá tốt.'),
(22, 2, 'Miệng - Cơ học Newton', 'ORAL', 7.57, '2024-10-08', 'Học sinh Vương Khắc Công hoàn thành bài kiểm tra Miệng - Cơ học Newton khá tốt.'),
(22, 2, '15 phút - Điện từ trường', '15MIN', 6.86, '2024-10-02', 'Học sinh Vương Khắc Công hoàn thành bài kiểm tra 15 phút - Điện từ trường khá tốt.'),
(22, 2, '45 phút - Quang hình học', '45MIN', 6.20, '2024-10-20', 'Học sinh Vương Khắc Công hoàn thành bài kiểm tra 45 phút - Quang hình học khá tốt.'),
(22, 2, 'Thi học kỳ - Vật lý hạt nhân', 'FINAL', 9.53, '2024-12-20', 'Học sinh Vương Khắc Công hoàn thành bài kiểm tra Thi học kỳ - Vật lý hạt nhân khá tốt.'),
(23, 2, 'Miệng - Cơ học Newton', 'ORAL', 8.62, '2024-10-10', 'Học sinh Phạm Đình Quân hoàn thành bài kiểm tra Miệng - Cơ học Newton khá tốt.'),
(23, 2, '15 phút - Điện từ trường', '15MIN', 8.15, '2024-09-14', 'Học sinh Phạm Đình Quân hoàn thành bài kiểm tra 15 phút - Điện từ trường khá tốt.'),
(23, 2, '45 phút - Quang hình học', '45MIN', 6.54, '2024-10-24', 'Học sinh Phạm Đình Quân hoàn thành bài kiểm tra 45 phút - Quang hình học khá tốt.'),
(23, 2, 'Thi học kỳ - Vật lý hạt nhân', 'FINAL', 7.46, '2024-12-20', 'Học sinh Phạm Đình Quân hoàn thành bài kiểm tra Thi học kỳ - Vật lý hạt nhân khá tốt.'),
(24, 2, 'Miệng - Cơ học Newton', 'ORAL', 7.61, '2024-09-13', 'Học sinh Phạm Cát Vy hoàn thành bài kiểm tra Miệng - Cơ học Newton khá tốt.'),
(24, 2, '15 phút - Điện từ trường', '15MIN', 6.20, '2024-11-07', 'Học sinh Phạm Cát Vy hoàn thành bài kiểm tra 15 phút - Điện từ trường khá tốt.'),
(24, 2, '45 phút - Quang hình học', '45MIN', 7.45, '2024-10-03', 'Học sinh Phạm Cát Vy hoàn thành bài kiểm tra 45 phút - Quang hình học khá tốt.'),
(24, 2, 'Thi học kỳ - Vật lý hạt nhân', 'FINAL', 7.55, '2024-12-20', 'Học sinh Phạm Cát Vy hoàn thành bài kiểm tra Thi học kỳ - Vật lý hạt nhân khá tốt.'),
(25, 2, 'Miệng - Cơ học Newton', 'ORAL', 7.80, '2024-11-09', 'Học sinh Cao Hoài Thảo hoàn thành bài kiểm tra Miệng - Cơ học Newton khá tốt.'),
(25, 2, '15 phút - Điện từ trường', '15MIN', 9.30, '2024-11-22', 'Học sinh Cao Hoài Thảo hoàn thành bài kiểm tra 15 phút - Điện từ trường khá tốt.'),
(25, 2, '45 phút - Quang hình học', '45MIN', 8.44, '2024-09-04', 'Học sinh Cao Hoài Thảo hoàn thành bài kiểm tra 45 phút - Quang hình học khá tốt.'),
(25, 2, 'Thi học kỳ - Vật lý hạt nhân', 'FINAL', 7.58, '2024-12-20', 'Học sinh Cao Hoài Thảo hoàn thành bài kiểm tra Thi học kỳ - Vật lý hạt nhân khá tốt.'),
(26, 2, 'Miệng - Cơ học Newton', 'ORAL', 9.18, '2024-10-18', 'Học sinh Đặng Hoài Phương hoàn thành bài kiểm tra Miệng - Cơ học Newton khá tốt.'),
(26, 2, '15 phút - Điện từ trường', '15MIN', 9.76, '2024-09-07', 'Học sinh Đặng Hoài Phương hoàn thành bài kiểm tra 15 phút - Điện từ trường khá tốt.'),
(26, 2, '45 phút - Quang hình học', '45MIN', 8.41, '2024-10-17', 'Học sinh Đặng Hoài Phương hoàn thành bài kiểm tra 45 phút - Quang hình học khá tốt.'),
(26, 2, 'Thi học kỳ - Vật lý hạt nhân', 'FINAL', 6.16, '2024-12-20', 'Học sinh Đặng Hoài Phương hoàn thành bài kiểm tra Thi học kỳ - Vật lý hạt nhân khá tốt.'),
(27, 2, 'Miệng - Cơ học Newton', 'ORAL', 6.16, '2024-11-11', 'Học sinh Đỗ Bảo Khánh hoàn thành bài kiểm tra Miệng - Cơ học Newton khá tốt.'),
(27, 2, '15 phút - Điện từ trường', '15MIN', 9.22, '2024-11-15', 'Học sinh Đỗ Bảo Khánh hoàn thành bài kiểm tra 15 phút - Điện từ trường khá tốt.'),
(27, 2, '45 phút - Quang hình học', '45MIN', 6.60, '2024-11-05', 'Học sinh Đỗ Bảo Khánh hoàn thành bài kiểm tra 45 phút - Quang hình học khá tốt.'),
(27, 2, 'Thi học kỳ - Vật lý hạt nhân', 'FINAL', 7.31, '2024-12-20', 'Học sinh Đỗ Bảo Khánh hoàn thành bài kiểm tra Thi học kỳ - Vật lý hạt nhân khá tốt.'),
(28, 2, 'Miệng - Cơ học Newton', 'ORAL', 8.45, '2024-09-13', 'Học sinh Dương Duy Khoa hoàn thành bài kiểm tra Miệng - Cơ học Newton khá tốt.'),
(28, 2, '15 phút - Điện từ trường', '15MIN', 9.96, '2024-11-27', 'Học sinh Dương Duy Khoa hoàn thành bài kiểm tra 15 phút - Điện từ trường khá tốt.'),
(28, 2, '45 phút - Quang hình học', '45MIN', 7.20, '2024-10-17', 'Học sinh Dương Duy Khoa hoàn thành bài kiểm tra 45 phút - Quang hình học khá tốt.'),
(28, 2, 'Thi học kỳ - Vật lý hạt nhân', 'FINAL', 9.31, '2024-12-20', 'Học sinh Dương Duy Khoa hoàn thành bài kiểm tra Thi học kỳ - Vật lý hạt nhân khá tốt.'),
(29, 2, 'Miệng - Cơ học Newton', 'ORAL', 8.13, '2024-11-19', 'Học sinh Nguyễn Hương Oanh hoàn thành bài kiểm tra Miệng - Cơ học Newton khá tốt.'),
(29, 2, '15 phút - Điện từ trường', '15MIN', 7.20, '2024-09-12', 'Học sinh Nguyễn Hương Oanh hoàn thành bài kiểm tra 15 phút - Điện từ trường khá tốt.'),
(29, 2, '45 phút - Quang hình học', '45MIN', 7.32, '2024-09-14', 'Học sinh Nguyễn Hương Oanh hoàn thành bài kiểm tra 45 phút - Quang hình học khá tốt.'),
(29, 2, 'Thi học kỳ - Vật lý hạt nhân', 'FINAL', 8.33, '2024-12-20', 'Học sinh Nguyễn Hương Oanh hoàn thành bài kiểm tra Thi học kỳ - Vật lý hạt nhân khá tốt.'),
(30, 2, 'Miệng - Cơ học Newton', 'ORAL', 9.19, '2024-11-28', 'Học sinh Dương Quỳnh Dương hoàn thành bài kiểm tra Miệng - Cơ học Newton khá tốt.'),
(30, 2, '15 phút - Điện từ trường', '15MIN', 8.75, '2024-09-20', 'Học sinh Dương Quỳnh Dương hoàn thành bài kiểm tra 15 phút - Điện từ trường khá tốt.'),
(30, 2, '45 phút - Quang hình học', '45MIN', 7.90, '2024-11-26', 'Học sinh Dương Quỳnh Dương hoàn thành bài kiểm tra 45 phút - Quang hình học khá tốt.'),
(30, 2, 'Thi học kỳ - Vật lý hạt nhân', 'FINAL', 9.89, '2024-12-20', 'Học sinh Dương Quỳnh Dương hoàn thành bài kiểm tra Thi học kỳ - Vật lý hạt nhân khá tốt.'),
(31, 3, 'Miệng - Phản ứng oxi hóa khử', 'ORAL', 8.31, '2024-09-24', 'Học sinh Nguyễn Thành Trung hoàn thành bài kiểm tra Miệng - Phản ứng oxi hóa khử khá tốt.'),
(31, 3, '15 phút - Hóa hữu cơ - Ankan', '15MIN', 6.21, '2024-10-06', 'Học sinh Nguyễn Thành Trung hoàn thành bài kiểm tra 15 phút - Hóa hữu cơ - Ankan khá tốt.'),
(31, 3, '45 phút - Hóa vô cơ - Kim loại kiềm', '45MIN', 8.10, '2024-11-20', 'Học sinh Nguyễn Thành Trung hoàn thành bài kiểm tra 45 phút - Hóa vô cơ - Kim loại kiềm khá tốt.'),
(31, 3, 'Thi học kỳ - Axit - Bazơ', 'FINAL', 9.10, '2024-12-20', 'Học sinh Nguyễn Thành Trung hoàn thành bài kiểm tra Thi học kỳ - Axit - Bazơ khá tốt.'),
(32, 3, 'Miệng - Phản ứng oxi hóa khử', 'ORAL', 7.52, '2024-11-08', 'Học sinh Cao Quỳnh Trang hoàn thành bài kiểm tra Miệng - Phản ứng oxi hóa khử khá tốt.'),
(32, 3, '15 phút - Hóa hữu cơ - Ankan', '15MIN', 6.13, '2024-11-04', 'Học sinh Cao Quỳnh Trang hoàn thành bài kiểm tra 15 phút - Hóa hữu cơ - Ankan khá tốt.'),
(32, 3, '45 phút - Hóa vô cơ - Kim loại kiềm', '45MIN', 6.76, '2024-10-11', 'Học sinh Cao Quỳnh Trang hoàn thành bài kiểm tra 45 phút - Hóa vô cơ - Kim loại kiềm khá tốt.'),
(32, 3, 'Thi học kỳ - Axit - Bazơ', 'FINAL', 7.68, '2024-12-20', 'Học sinh Cao Quỳnh Trang hoàn thành bài kiểm tra Thi học kỳ - Axit - Bazơ khá tốt.'),
(33, 3, 'Miệng - Phản ứng oxi hóa khử', 'ORAL', 7.65, '2024-09-14', 'Học sinh Lý Thế Hải hoàn thành bài kiểm tra Miệng - Phản ứng oxi hóa khử khá tốt.'),
(33, 3, '15 phút - Hóa hữu cơ - Ankan', '15MIN', 8.01, '2024-11-16', 'Học sinh Lý Thế Hải hoàn thành bài kiểm tra 15 phút - Hóa hữu cơ - Ankan khá tốt.'),
(33, 3, '45 phút - Hóa vô cơ - Kim loại kiềm', '45MIN', 9.49, '2024-11-24', 'Học sinh Lý Thế Hải hoàn thành bài kiểm tra 45 phút - Hóa vô cơ - Kim loại kiềm khá tốt.'),
(33, 3, 'Thi học kỳ - Axit - Bazơ', 'FINAL', 6.25, '2024-12-20', 'Học sinh Lý Thế Hải hoàn thành bài kiểm tra Thi học kỳ - Axit - Bazơ khá tốt.'),
(34, 3, 'Miệng - Phản ứng oxi hóa khử', 'ORAL', 6.55, '2024-09-18', 'Học sinh Đặng Như Hà hoàn thành bài kiểm tra Miệng - Phản ứng oxi hóa khử khá tốt.'),
(34, 3, '15 phút - Hóa hữu cơ - Ankan', '15MIN', 7.30, '2024-11-16', 'Học sinh Đặng Như Hà hoàn thành bài kiểm tra 15 phút - Hóa hữu cơ - Ankan khá tốt.'),
(34, 3, '45 phút - Hóa vô cơ - Kim loại kiềm', '45MIN', 8.10, '2024-10-06', 'Học sinh Đặng Như Hà hoàn thành bài kiểm tra 45 phút - Hóa vô cơ - Kim loại kiềm khá tốt.'),
(34, 3, 'Thi học kỳ - Axit - Bazơ', 'FINAL', 7.84, '2024-12-20', 'Học sinh Đặng Như Hà hoàn thành bài kiểm tra Thi học kỳ - Axit - Bazơ khá tốt.'),
(35, 3, 'Miệng - Phản ứng oxi hóa khử', 'ORAL', 8.13, '2024-11-12', 'Học sinh Trần Minh Quân hoàn thành bài kiểm tra Miệng - Phản ứng oxi hóa khử khá tốt.'),
(35, 3, '15 phút - Hóa hữu cơ - Ankan', '15MIN', 8.70, '2024-11-22', 'Học sinh Trần Minh Quân hoàn thành bài kiểm tra 15 phút - Hóa hữu cơ - Ankan khá tốt.'),
(35, 3, '45 phút - Hóa vô cơ - Kim loại kiềm', '45MIN', 8.57, '2024-11-09', 'Học sinh Trần Minh Quân hoàn thành bài kiểm tra 45 phút - Hóa vô cơ - Kim loại kiềm khá tốt.'),
(35, 3, 'Thi học kỳ - Axit - Bazơ', 'FINAL', 8.44, '2024-12-20', 'Học sinh Trần Minh Quân hoàn thành bài kiểm tra Thi học kỳ - Axit - Bazơ khá tốt.'),
(36, 3, 'Miệng - Phản ứng oxi hóa khử', 'ORAL', 6.77, '2024-09-09', 'Học sinh Vương Phương Huyền hoàn thành bài kiểm tra Miệng - Phản ứng oxi hóa khử khá tốt.'),
(36, 3, '15 phút - Hóa hữu cơ - Ankan', '15MIN', 8.23, '2024-09-10', 'Học sinh Vương Phương Huyền hoàn thành bài kiểm tra 15 phút - Hóa hữu cơ - Ankan khá tốt.'),
(36, 3, '45 phút - Hóa vô cơ - Kim loại kiềm', '45MIN', 9.08, '2024-11-07', 'Học sinh Vương Phương Huyền hoàn thành bài kiểm tra 45 phút - Hóa vô cơ - Kim loại kiềm khá tốt.'),
(36, 3, 'Thi học kỳ - Axit - Bazơ', 'FINAL', 8.76, '2024-12-20', 'Học sinh Vương Phương Huyền hoàn thành bài kiểm tra Thi học kỳ - Axit - Bazơ khá tốt.'),
(37, 3, 'Miệng - Phản ứng oxi hóa khử', 'ORAL', 7.96, '2024-10-12', 'Học sinh Phạm Hồng Yến hoàn thành bài kiểm tra Miệng - Phản ứng oxi hóa khử khá tốt.'),
(37, 3, '15 phút - Hóa hữu cơ - Ankan', '15MIN', 8.24, '2024-11-09', 'Học sinh Phạm Hồng Yến hoàn thành bài kiểm tra 15 phút - Hóa hữu cơ - Ankan khá tốt.'),
(37, 3, '45 phút - Hóa vô cơ - Kim loại kiềm', '45MIN', 7.15, '2024-11-22', 'Học sinh Phạm Hồng Yến hoàn thành bài kiểm tra 45 phút - Hóa vô cơ - Kim loại kiềm khá tốt.'),
(37, 3, 'Thi học kỳ - Axit - Bazơ', 'FINAL', 8.17, '2024-12-20', 'Học sinh Phạm Hồng Yến hoàn thành bài kiểm tra Thi học kỳ - Axit - Bazơ khá tốt.'),
(38, 3, 'Miệng - Phản ứng oxi hóa khử', 'ORAL', 9.58, '2024-10-27', 'Học sinh Vũ Đức Vinh hoàn thành bài kiểm tra Miệng - Phản ứng oxi hóa khử khá tốt.'),
(38, 3, '15 phút - Hóa hữu cơ - Ankan', '15MIN', 7.38, '2024-09-10', 'Học sinh Vũ Đức Vinh hoàn thành bài kiểm tra 15 phút - Hóa hữu cơ - Ankan khá tốt.'),
(38, 3, '45 phút - Hóa vô cơ - Kim loại kiềm', '45MIN', 6.17, '2024-11-03', 'Học sinh Vũ Đức Vinh hoàn thành bài kiểm tra 45 phút - Hóa vô cơ - Kim loại kiềm khá tốt.'),
(38, 3, 'Thi học kỳ - Axit - Bazơ', 'FINAL', 7.39, '2024-12-20', 'Học sinh Vũ Đức Vinh hoàn thành bài kiểm tra Thi học kỳ - Axit - Bazơ khá tốt.'),
(39, 3, 'Miệng - Phản ứng oxi hóa khử', 'ORAL', 7.77, '2024-10-24', 'Học sinh Cao Thanh Quyên hoàn thành bài kiểm tra Miệng - Phản ứng oxi hóa khử khá tốt.'),
(39, 3, '15 phút - Hóa hữu cơ - Ankan', '15MIN', 7.92, '2024-09-27', 'Học sinh Cao Thanh Quyên hoàn thành bài kiểm tra 15 phút - Hóa hữu cơ - Ankan khá tốt.'),
(39, 3, '45 phút - Hóa vô cơ - Kim loại kiềm', '45MIN', 8.15, '2024-11-23', 'Học sinh Cao Thanh Quyên hoàn thành bài kiểm tra 45 phút - Hóa vô cơ - Kim loại kiềm khá tốt.'),
(39, 3, 'Thi học kỳ - Axit - Bazơ', 'FINAL', 7.09, '2024-12-20', 'Học sinh Cao Thanh Quyên hoàn thành bài kiểm tra Thi học kỳ - Axit - Bazơ khá tốt.'),
(40, 3, 'Miệng - Phản ứng oxi hóa khử', 'ORAL', 6.44, '2024-11-19', 'Học sinh Đỗ Minh Hoà hoàn thành bài kiểm tra Miệng - Phản ứng oxi hóa khử khá tốt.'),
(40, 3, '15 phút - Hóa hữu cơ - Ankan', '15MIN', 6.96, '2024-09-22', 'Học sinh Đỗ Minh Hoà hoàn thành bài kiểm tra 15 phút - Hóa hữu cơ - Ankan khá tốt.'),
(40, 3, '45 phút - Hóa vô cơ - Kim loại kiềm', '45MIN', 9.62, '2024-09-21', 'Học sinh Đỗ Minh Hoà hoàn thành bài kiểm tra 45 phút - Hóa vô cơ - Kim loại kiềm khá tốt.'),
(40, 3, 'Thi học kỳ - Axit - Bazơ', 'FINAL', 6.93, '2024-12-20', 'Học sinh Đỗ Minh Hoà hoàn thành bài kiểm tra Thi học kỳ - Axit - Bazơ khá tốt.'),
(41, 5, 'Miệng - Phân tích Truyện Kiều', 'ORAL', 6.40, '2024-10-23', 'Học sinh Hoàng Như Linh hoàn thành bài kiểm tra Miệng - Phân tích Truyện Kiều khá tốt.'),
(41, 5, '15 phút - Nghị luận xã hội - Tình thương', '15MIN', 7.89, '2024-11-25', 'Học sinh Hoàng Như Linh hoàn thành bài kiểm tra 15 phút - Nghị luận xã hội - Tình thương khá tốt.'),
(41, 5, '45 phút - Văn học lãng mạn', '45MIN', 6.55, '2024-11-06', 'Học sinh Hoàng Như Linh hoàn thành bài kiểm tra 45 phút - Văn học lãng mạn khá tốt.'),
(41, 5, 'Thi học kỳ - Tác phẩm chí phèo', 'FINAL', 7.63, '2024-12-20', 'Học sinh Hoàng Như Linh hoàn thành bài kiểm tra Thi học kỳ - Tác phẩm chí phèo khá tốt.'),
(42, 5, 'Miệng - Phân tích Truyện Kiều', 'ORAL', 9.74, '2024-10-16', 'Học sinh Lý Như Tú hoàn thành bài kiểm tra Miệng - Phân tích Truyện Kiều khá tốt.'),
(42, 5, '15 phút - Nghị luận xã hội - Tình thương', '15MIN', 8.60, '2024-10-11', 'Học sinh Lý Như Tú hoàn thành bài kiểm tra 15 phút - Nghị luận xã hội - Tình thương khá tốt.'),
(42, 5, '45 phút - Văn học lãng mạn', '45MIN', 7.14, '2024-09-25', 'Học sinh Lý Như Tú hoàn thành bài kiểm tra 45 phút - Văn học lãng mạn khá tốt.'),
(42, 5, 'Thi học kỳ - Tác phẩm chí phèo', 'FINAL', 6.36, '2024-12-20', 'Học sinh Lý Như Tú hoàn thành bài kiểm tra Thi học kỳ - Tác phẩm chí phèo khá tốt.'),
(43, 5, 'Miệng - Phân tích Truyện Kiều', 'ORAL', 8.30, '2024-11-24', 'Học sinh Lý Hoàng Hoàng hoàn thành bài kiểm tra Miệng - Phân tích Truyện Kiều khá tốt.'),
(43, 5, '15 phút - Nghị luận xã hội - Tình thương', '15MIN', 8.89, '2024-09-06', 'Học sinh Lý Hoàng Hoàng hoàn thành bài kiểm tra 15 phút - Nghị luận xã hội - Tình thương khá tốt.'),
(43, 5, '45 phút - Văn học lãng mạn', '45MIN', 7.67, '2024-09-02', 'Học sinh Lý Hoàng Hoàng hoàn thành bài kiểm tra 45 phút - Văn học lãng mạn khá tốt.'),
(43, 5, 'Thi học kỳ - Tác phẩm chí phèo', 'FINAL', 9.99, '2024-12-20', 'Học sinh Lý Hoàng Hoàng hoàn thành bài kiểm tra Thi học kỳ - Tác phẩm chí phèo khá tốt.'),
(44, 5, 'Miệng - Phân tích Truyện Kiều', 'ORAL', 7.59, '2024-10-06', 'Học sinh Phan Diệu Châu hoàn thành bài kiểm tra Miệng - Phân tích Truyện Kiều khá tốt.'),
(44, 5, '15 phút - Nghị luận xã hội - Tình thương', '15MIN', 9.75, '2024-10-02', 'Học sinh Phan Diệu Châu hoàn thành bài kiểm tra 15 phút - Nghị luận xã hội - Tình thương khá tốt.'),
(44, 5, '45 phút - Văn học lãng mạn', '45MIN', 6.04, '2024-11-20', 'Học sinh Phan Diệu Châu hoàn thành bài kiểm tra 45 phút - Văn học lãng mạn khá tốt.'),
(44, 5, 'Thi học kỳ - Tác phẩm chí phèo', 'FINAL', 6.43, '2024-12-20', 'Học sinh Phan Diệu Châu hoàn thành bài kiểm tra Thi học kỳ - Tác phẩm chí phèo khá tốt.'),
(45, 5, 'Miệng - Phân tích Truyện Kiều', 'ORAL', 9.93, '2024-10-15', 'Học sinh Nguyễn Tiến Nam hoàn thành bài kiểm tra Miệng - Phân tích Truyện Kiều khá tốt.'),
(45, 5, '15 phút - Nghị luận xã hội - Tình thương', '15MIN', 9.96, '2024-11-17', 'Học sinh Nguyễn Tiến Nam hoàn thành bài kiểm tra 15 phút - Nghị luận xã hội - Tình thương khá tốt.'),
(45, 5, '45 phút - Văn học lãng mạn', '45MIN', 7.98, '2024-09-28', 'Học sinh Nguyễn Tiến Nam hoàn thành bài kiểm tra 45 phút - Văn học lãng mạn khá tốt.'),
(45, 5, 'Thi học kỳ - Tác phẩm chí phèo', 'FINAL', 8.02, '2024-12-20', 'Học sinh Nguyễn Tiến Nam hoàn thành bài kiểm tra Thi học kỳ - Tác phẩm chí phèo khá tốt.'),
(46, 5, 'Miệng - Phân tích Truyện Kiều', 'ORAL', 7.09, '2024-09-11', 'Học sinh Trịnh Cát Quyên hoàn thành bài kiểm tra Miệng - Phân tích Truyện Kiều khá tốt.'),
(46, 5, '15 phút - Nghị luận xã hội - Tình thương', '15MIN', 6.65, '2024-10-21', 'Học sinh Trịnh Cát Quyên hoàn thành bài kiểm tra 15 phút - Nghị luận xã hội - Tình thương khá tốt.'),
(46, 5, '45 phút - Văn học lãng mạn', '45MIN', 7.03, '2024-09-01', 'Học sinh Trịnh Cát Quyên hoàn thành bài kiểm tra 45 phút - Văn học lãng mạn khá tốt.'),
(46, 5, 'Thi học kỳ - Tác phẩm chí phèo', 'FINAL', 8.95, '2024-12-20', 'Học sinh Trịnh Cát Quyên hoàn thành bài kiểm tra Thi học kỳ - Tác phẩm chí phèo khá tốt.'),
(47, 5, 'Miệng - Phân tích Truyện Kiều', 'ORAL', 9.16, '2024-11-22', 'Học sinh Hồ Diệu Tuyết hoàn thành bài kiểm tra Miệng - Phân tích Truyện Kiều khá tốt.'),
(47, 5, '15 phút - Nghị luận xã hội - Tình thương', '15MIN', 9.03, '2024-09-20', 'Học sinh Hồ Diệu Tuyết hoàn thành bài kiểm tra 15 phút - Nghị luận xã hội - Tình thương khá tốt.'),
(47, 5, '45 phút - Văn học lãng mạn', '45MIN', 9.42, '2024-10-27', 'Học sinh Hồ Diệu Tuyết hoàn thành bài kiểm tra 45 phút - Văn học lãng mạn khá tốt.'),
(47, 5, 'Thi học kỳ - Tác phẩm chí phèo', 'FINAL', 7.71, '2024-12-20', 'Học sinh Hồ Diệu Tuyết hoàn thành bài kiểm tra Thi học kỳ - Tác phẩm chí phèo khá tốt.'),
(48, 5, 'Miệng - Phân tích Truyện Kiều', 'ORAL', 7.31, '2024-10-22', 'Học sinh Đặng Hoàng Anh hoàn thành bài kiểm tra Miệng - Phân tích Truyện Kiều khá tốt.'),
(48, 5, '15 phút - Nghị luận xã hội - Tình thương', '15MIN', 6.38, '2024-09-16', 'Học sinh Đặng Hoàng Anh hoàn thành bài kiểm tra 15 phút - Nghị luận xã hội - Tình thương khá tốt.'),
(48, 5, '45 phút - Văn học lãng mạn', '45MIN', 7.29, '2024-09-01', 'Học sinh Đặng Hoàng Anh hoàn thành bài kiểm tra 45 phút - Văn học lãng mạn khá tốt.'),
(48, 5, 'Thi học kỳ - Tác phẩm chí phèo', 'FINAL', 7.04, '2024-12-20', 'Học sinh Đặng Hoàng Anh hoàn thành bài kiểm tra Thi học kỳ - Tác phẩm chí phèo khá tốt.'),
(49, 5, 'Miệng - Phân tích Truyện Kiều', 'ORAL', 6.94, '2024-10-11', 'Học sinh Vũ Phương Dương hoàn thành bài kiểm tra Miệng - Phân tích Truyện Kiều khá tốt.'),
(49, 5, '15 phút - Nghị luận xã hội - Tình thương', '15MIN', 7.21, '2024-11-19', 'Học sinh Vũ Phương Dương hoàn thành bài kiểm tra 15 phút - Nghị luận xã hội - Tình thương khá tốt.'),
(49, 5, '45 phút - Văn học lãng mạn', '45MIN', 6.05, '2024-11-12', 'Học sinh Vũ Phương Dương hoàn thành bài kiểm tra 45 phút - Văn học lãng mạn khá tốt.'),
(49, 5, 'Thi học kỳ - Tác phẩm chí phèo', 'FINAL', 8.77, '2024-12-20', 'Học sinh Vũ Phương Dương hoàn thành bài kiểm tra Thi học kỳ - Tác phẩm chí phèo khá tốt.'),
(50, 5, 'Miệng - Phân tích Truyện Kiều', 'ORAL', 6.25, '2024-09-15', 'Học sinh Vũ Anh Chi hoàn thành bài kiểm tra Miệng - Phân tích Truyện Kiều khá tốt.'),
(50, 5, '15 phút - Nghị luận xã hội - Tình thương', '15MIN', 7.23, '2024-10-22', 'Học sinh Vũ Anh Chi hoàn thành bài kiểm tra 15 phút - Nghị luận xã hội - Tình thương khá tốt.'),
(50, 5, '45 phút - Văn học lãng mạn', '45MIN', 8.01, '2024-11-25', 'Học sinh Vũ Anh Chi hoàn thành bài kiểm tra 45 phút - Văn học lãng mạn khá tốt.'),
(50, 5, 'Thi học kỳ - Tác phẩm chí phèo', 'FINAL', 7.24, '2024-12-20', 'Học sinh Vũ Anh Chi hoàn thành bài kiểm tra Thi học kỳ - Tác phẩm chí phèo khá tốt.'),
(51, 8, 'Miệng - Thuyết trình tiếng Anh', 'ORAL', 6.47, '2024-10-12', 'Học sinh Trần Bảo Sơn hoàn thành bài kiểm tra Miệng - Thuyết trình tiếng Anh khá tốt.'),
(51, 8, '15 phút - IELTS Listening test', '15MIN', 8.46, '2024-09-05', 'Học sinh Trần Bảo Sơn hoàn thành bài kiểm tra 15 phút - IELTS Listening test khá tốt.'),
(51, 8, '45 phút - IELTS Writing task 1', '45MIN', 7.91, '2024-10-24', 'Học sinh Trần Bảo Sơn hoàn thành bài kiểm tra 45 phút - IELTS Writing task 1 khá tốt.'),
(51, 8, 'Thi học kỳ - Ngữ pháp câu bị động', 'FINAL', 9.96, '2024-12-20', 'Học sinh Trần Bảo Sơn hoàn thành bài kiểm tra Thi học kỳ - Ngữ pháp câu bị động khá tốt.'),
(52, 8, 'Miệng - Thuyết trình tiếng Anh', 'ORAL', 7.49, '2024-11-18', 'Học sinh Trịnh Quốc Trung hoàn thành bài kiểm tra Miệng - Thuyết trình tiếng Anh khá tốt.'),
(52, 8, '15 phút - IELTS Listening test', '15MIN', 9.65, '2024-11-26', 'Học sinh Trịnh Quốc Trung hoàn thành bài kiểm tra 15 phút - IELTS Listening test khá tốt.'),
(52, 8, '45 phút - IELTS Writing task 1', '45MIN', 8.66, '2024-09-25', 'Học sinh Trịnh Quốc Trung hoàn thành bài kiểm tra 45 phút - IELTS Writing task 1 khá tốt.'),
(52, 8, 'Thi học kỳ - Ngữ pháp câu bị động', 'FINAL', 6.99, '2024-12-20', 'Học sinh Trịnh Quốc Trung hoàn thành bài kiểm tra Thi học kỳ - Ngữ pháp câu bị động khá tốt.'),
(53, 8, 'Miệng - Thuyết trình tiếng Anh', 'ORAL', 9.02, '2024-09-17', 'Học sinh Vương Quang Minh hoàn thành bài kiểm tra Miệng - Thuyết trình tiếng Anh khá tốt.'),
(53, 8, '15 phút - IELTS Listening test', '15MIN', 7.79, '2024-11-12', 'Học sinh Vương Quang Minh hoàn thành bài kiểm tra 15 phút - IELTS Listening test khá tốt.'),
(53, 8, '45 phút - IELTS Writing task 1', '45MIN', 6.31, '2024-11-04', 'Học sinh Vương Quang Minh hoàn thành bài kiểm tra 45 phút - IELTS Writing task 1 khá tốt.'),
(53, 8, 'Thi học kỳ - Ngữ pháp câu bị động', 'FINAL', 6.25, '2024-12-20', 'Học sinh Vương Quang Minh hoàn thành bài kiểm tra Thi học kỳ - Ngữ pháp câu bị động khá tốt.'),
(54, 8, 'Miệng - Thuyết trình tiếng Anh', 'ORAL', 8.19, '2024-11-07', 'Học sinh Cao Lan Quyên hoàn thành bài kiểm tra Miệng - Thuyết trình tiếng Anh khá tốt.'),
(54, 8, '15 phút - IELTS Listening test', '15MIN', 8.29, '2024-09-06', 'Học sinh Cao Lan Quyên hoàn thành bài kiểm tra 15 phút - IELTS Listening test khá tốt.'),
(54, 8, '45 phút - IELTS Writing task 1', '45MIN', 7.31, '2024-11-15', 'Học sinh Cao Lan Quyên hoàn thành bài kiểm tra 45 phút - IELTS Writing task 1 khá tốt.'),
(54, 8, 'Thi học kỳ - Ngữ pháp câu bị động', 'FINAL', 6.46, '2024-12-20', 'Học sinh Cao Lan Quyên hoàn thành bài kiểm tra Thi học kỳ - Ngữ pháp câu bị động khá tốt.'),
(55, 8, 'Miệng - Thuyết trình tiếng Anh', 'ORAL', 6.82, '2024-11-16', 'Học sinh Vương Đình Sơn hoàn thành bài kiểm tra Miệng - Thuyết trình tiếng Anh khá tốt.'),
(55, 8, '15 phút - IELTS Listening test', '15MIN', 6.36, '2024-11-15', 'Học sinh Vương Đình Sơn hoàn thành bài kiểm tra 15 phút - IELTS Listening test khá tốt.'),
(55, 8, '45 phút - IELTS Writing task 1', '45MIN', 9.23, '2024-10-05', 'Học sinh Vương Đình Sơn hoàn thành bài kiểm tra 45 phút - IELTS Writing task 1 khá tốt.'),
(55, 8, 'Thi học kỳ - Ngữ pháp câu bị động', 'FINAL', 8.05, '2024-12-20', 'Học sinh Vương Đình Sơn hoàn thành bài kiểm tra Thi học kỳ - Ngữ pháp câu bị động khá tốt.'),
(56, 8, 'Miệng - Thuyết trình tiếng Anh', 'ORAL', 7.83, '2024-09-18', 'Học sinh Vũ Gia Nghĩa hoàn thành bài kiểm tra Miệng - Thuyết trình tiếng Anh khá tốt.'),
(56, 8, '15 phút - IELTS Listening test', '15MIN', 7.85, '2024-10-24', 'Học sinh Vũ Gia Nghĩa hoàn thành bài kiểm tra 15 phút - IELTS Listening test khá tốt.'),
(56, 8, '45 phút - IELTS Writing task 1', '45MIN', 6.09, '2024-10-27', 'Học sinh Vũ Gia Nghĩa hoàn thành bài kiểm tra 45 phút - IELTS Writing task 1 khá tốt.'),
(56, 8, 'Thi học kỳ - Ngữ pháp câu bị động', 'FINAL', 6.01, '2024-12-20', 'Học sinh Vũ Gia Nghĩa hoàn thành bài kiểm tra Thi học kỳ - Ngữ pháp câu bị động khá tốt.'),
(57, 8, 'Miệng - Thuyết trình tiếng Anh', 'ORAL', 6.87, '2024-09-02', 'Học sinh Cao Anh Sơn hoàn thành bài kiểm tra Miệng - Thuyết trình tiếng Anh khá tốt.'),
(57, 8, '15 phút - IELTS Listening test', '15MIN', 7.69, '2024-11-03', 'Học sinh Cao Anh Sơn hoàn thành bài kiểm tra 15 phút - IELTS Listening test khá tốt.'),
(57, 8, '45 phút - IELTS Writing task 1', '45MIN', 8.16, '2024-09-03', 'Học sinh Cao Anh Sơn hoàn thành bài kiểm tra 45 phút - IELTS Writing task 1 khá tốt.'),
(57, 8, 'Thi học kỳ - Ngữ pháp câu bị động', 'FINAL', 9.94, '2024-12-20', 'Học sinh Cao Anh Sơn hoàn thành bài kiểm tra Thi học kỳ - Ngữ pháp câu bị động khá tốt.'),
(58, 8, 'Miệng - Thuyết trình tiếng Anh', 'ORAL', 7.89, '2024-10-14', 'Học sinh Đặng Hương Bích hoàn thành bài kiểm tra Miệng - Thuyết trình tiếng Anh khá tốt.'),
(58, 8, '15 phút - IELTS Listening test', '15MIN', 6.72, '2024-09-25', 'Học sinh Đặng Hương Bích hoàn thành bài kiểm tra 15 phút - IELTS Listening test khá tốt.'),
(58, 8, '45 phút - IELTS Writing task 1', '45MIN', 8.57, '2024-11-21', 'Học sinh Đặng Hương Bích hoàn thành bài kiểm tra 45 phút - IELTS Writing task 1 khá tốt.'),
(58, 8, 'Thi học kỳ - Ngữ pháp câu bị động', 'FINAL', 9.86, '2024-12-20', 'Học sinh Đặng Hương Bích hoàn thành bài kiểm tra Thi học kỳ - Ngữ pháp câu bị động khá tốt.'),
(59, 8, 'Miệng - Thuyết trình tiếng Anh', 'ORAL', 7.50, '2024-10-15', 'Học sinh Hoàng Đức Hải hoàn thành bài kiểm tra Miệng - Thuyết trình tiếng Anh khá tốt.'),
(59, 8, '15 phút - IELTS Listening test', '15MIN', 9.48, '2024-10-13', 'Học sinh Hoàng Đức Hải hoàn thành bài kiểm tra 15 phút - IELTS Listening test khá tốt.'),
(59, 8, '45 phút - IELTS Writing task 1', '45MIN', 6.32, '2024-11-28', 'Học sinh Hoàng Đức Hải hoàn thành bài kiểm tra 45 phút - IELTS Writing task 1 khá tốt.'),
(59, 8, 'Thi học kỳ - Ngữ pháp câu bị động', 'FINAL', 8.16, '2024-12-20', 'Học sinh Hoàng Đức Hải hoàn thành bài kiểm tra Thi học kỳ - Ngữ pháp câu bị động khá tốt.'),
(60, 8, 'Miệng - Thuyết trình tiếng Anh', 'ORAL', 8.61, '2024-10-04', 'Học sinh Phạm Quốc Công hoàn thành bài kiểm tra Miệng - Thuyết trình tiếng Anh khá tốt.'),
(60, 8, '15 phút - IELTS Listening test', '15MIN', 6.71, '2024-11-13', 'Học sinh Phạm Quốc Công hoàn thành bài kiểm tra 15 phút - IELTS Listening test khá tốt.'),
(60, 8, '45 phút - IELTS Writing task 1', '45MIN', 8.12, '2024-11-08', 'Học sinh Phạm Quốc Công hoàn thành bài kiểm tra 45 phút - IELTS Writing task 1 khá tốt.'),
(60, 8, 'Thi học kỳ - Ngữ pháp câu bị động', 'FINAL', 9.34, '2024-12-20', 'Học sinh Phạm Quốc Công hoàn thành bài kiểm tra Thi học kỳ - Ngữ pháp câu bị động khá tốt.');

-- TIER 6: CLASS_JOURNALS
INSERT INTO class_journals (classroom_id, teacher_id, subject_id, teaching_date, lesson_period, lesson_content, student_attendance, remarks, score) VALUES
(1, 7, 4, '2024-09-09', 1, 'Lập trình C++ cơ bản', 'Không vắng học sinh', 'Lớp 10 Tin 1 học tập nghiêm túc, chuẩn bị bài tốt.', 10),
(1, 7, 4, '2024-09-16', 2, 'Độ phức tạp thuật toán O(N)', 'Không vắng học sinh', 'Lớp 10 Tin 1 học tập nghiêm túc, chuẩn bị bài tốt.', 10),
(1, 7, 4, '2024-10-07', 3, 'Thuật toán quy hoạch động', 'Không vắng học sinh', 'Lớp 10 Tin 1 học tập nghiêm túc, chuẩn bị bài tốt.', 9),
(1, 7, 4, '2024-10-14', 4, 'Cấu trúc dữ liệu cây', 'Không vắng học sinh', 'Lớp 10 Tin 1 học tập nghiêm túc, chuẩn bị bài tốt.', 10),
(1, 7, 4, '2024-11-11', 5, 'Lập trình C++ cơ bản', 'Không vắng học sinh', 'Lớp 10 Tin 1 học tập nghiêm túc, chuẩn bị bài tốt.', 9),
(1, 7, 4, '2024-11-18', 1, 'Độ phức tạp thuật toán O(N)', 'Vắng 1 học sinh', 'Lớp 10 Tin 1 học tập nghiêm túc, chuẩn bị bài tốt.', 9),
(1, 7, 4, '2024-11-20', 2, 'Thuật toán quy hoạch động', 'Không vắng học sinh', 'Lớp 10 Tin 1 học tập nghiêm túc, chuẩn bị bài tốt.', 10),
(1, 7, 4, '2024-11-27', 3, 'Cấu trúc dữ liệu cây', 'Không vắng học sinh', 'Lớp 10 Tin 1 học tập nghiêm túc, chuẩn bị bài tốt.', 9),
(2, 4, 1, '2024-09-09', 1, 'Ôn tập hàm số bậc hai', 'Không vắng học sinh', 'Lớp 10 Toán 1 học tập nghiêm túc, chuẩn bị bài tốt.', 9),
(2, 4, 1, '2024-09-16', 2, 'Vẽ đồ thị parabol', 'Không vắng học sinh', 'Lớp 10 Toán 1 học tập nghiêm túc, chuẩn bị bài tốt.', 9),
(2, 4, 1, '2024-10-07', 3, 'Mệnh đề toán học', 'Không vắng học sinh', 'Lớp 10 Toán 1 học tập nghiêm túc, chuẩn bị bài tốt.', 9),
(2, 4, 1, '2024-10-14', 4, 'Phép toán tập hợp', 'Không vắng học sinh', 'Lớp 10 Toán 1 học tập nghiêm túc, chuẩn bị bài tốt.', 9),
(2, 4, 1, '2024-11-11', 5, 'Ôn tập hàm số bậc hai', 'Không vắng học sinh', 'Lớp 10 Toán 1 học tập nghiêm túc, chuẩn bị bài tốt.', 9),
(2, 4, 1, '2024-11-18', 1, 'Vẽ đồ thị parabol', 'Không vắng học sinh', 'Lớp 10 Toán 1 học tập nghiêm túc, chuẩn bị bài tốt.', 9),
(2, 4, 1, '2024-11-20', 2, 'Mệnh đề toán học', 'Không vắng học sinh', 'Lớp 10 Toán 1 học tập nghiêm túc, chuẩn bị bài tốt.', 10),
(2, 4, 1, '2024-11-27', 3, 'Phép toán tập hợp', 'Không vắng học sinh', 'Lớp 10 Toán 1 học tập nghiêm túc, chuẩn bị bài tốt.', 10),
(3, 5, 2, '2024-09-09', 1, 'Định luật bảo toàn cơ năng', 'Không vắng học sinh', 'Lớp 11 Lý 1 học tập nghiêm túc, chuẩn bị bài tốt.', 10),
(3, 5, 2, '2024-09-16', 2, 'Dao động điều hòa', 'Không vắng học sinh', 'Lớp 11 Lý 1 học tập nghiêm túc, chuẩn bị bài tốt.', 9),
(3, 5, 2, '2024-10-07', 3, 'Sóng dừng trên dây', 'Vắng 1 học sinh', 'Lớp 11 Lý 1 học tập nghiêm túc, chuẩn bị bài tốt.', 9),
(3, 5, 2, '2024-10-14', 4, 'Hiện tượng quang điện', 'Không vắng học sinh', 'Lớp 11 Lý 1 học tập nghiêm túc, chuẩn bị bài tốt.', 10),
(3, 5, 2, '2024-11-11', 5, 'Định luật bảo toàn cơ năng', 'Không vắng học sinh', 'Lớp 11 Lý 1 học tập nghiêm túc, chuẩn bị bài tốt.', 9),
(3, 5, 2, '2024-11-18', 1, 'Dao động điều hòa', 'Không vắng học sinh', 'Lớp 11 Lý 1 học tập nghiêm túc, chuẩn bị bài tốt.', 10),
(3, 5, 2, '2024-11-20', 2, 'Sóng dừng trên dây', 'Không vắng học sinh', 'Lớp 11 Lý 1 học tập nghiêm túc, chuẩn bị bài tốt.', 9),
(3, 5, 2, '2024-11-27', 3, 'Hiện tượng quang điện', 'Vắng 1 học sinh', 'Lớp 11 Lý 1 học tập nghiêm túc, chuẩn bị bài tốt.', 10),
(4, 6, 3, '2024-09-09', 1, 'Liên kết hóa học', 'Không vắng học sinh', 'Lớp 11 Hóa 1 học tập nghiêm túc, chuẩn bị bài tốt.', 10),
(4, 6, 3, '2024-09-16', 2, 'Cân bằng phản ứng oxi hóa khử', 'Không vắng học sinh', 'Lớp 11 Hóa 1 học tập nghiêm túc, chuẩn bị bài tốt.', 10),
(4, 6, 3, '2024-10-07', 3, 'Đại cương hóa hữu cơ', 'Không vắng học sinh', 'Lớp 11 Hóa 1 học tập nghiêm túc, chuẩn bị bài tốt.', 10),
(4, 6, 3, '2024-10-14', 4, 'Anken và Ankin', 'Không vắng học sinh', 'Lớp 11 Hóa 1 học tập nghiêm túc, chuẩn bị bài tốt.', 10),
(4, 6, 3, '2024-11-11', 5, 'Liên kết hóa học', 'Không vắng học sinh', 'Lớp 11 Hóa 1 học tập nghiêm túc, chuẩn bị bài tốt.', 9),
(4, 6, 3, '2024-11-18', 1, 'Cân bằng phản ứng oxi hóa khử', 'Không vắng học sinh', 'Lớp 11 Hóa 1 học tập nghiêm túc, chuẩn bị bài tốt.', 9),
(4, 6, 3, '2024-11-20', 2, 'Đại cương hóa hữu cơ', 'Vắng 1 học sinh', 'Lớp 11 Hóa 1 học tập nghiêm túc, chuẩn bị bài tốt.', 9),
(4, 6, 3, '2024-11-27', 3, 'Anken và Ankin', 'Không vắng học sinh', 'Lớp 11 Hóa 1 học tập nghiêm túc, chuẩn bị bài tốt.', 10),
(5, 8, 5, '2024-09-09', 1, 'Khái quát văn học VN thế kỷ XX', 'Không vắng học sinh', 'Lớp 12 Văn 1 học tập nghiêm túc, chuẩn bị bài tốt.', 9),
(5, 8, 5, '2024-09-16', 2, 'Phân tích tác phẩm Chí Phèo', 'Không vắng học sinh', 'Lớp 12 Văn 1 học tập nghiêm túc, chuẩn bị bài tốt.', 10),
(5, 8, 5, '2024-10-07', 3, 'Luyện viết văn nghị luận', 'Không vắng học sinh', 'Lớp 12 Văn 1 học tập nghiêm túc, chuẩn bị bài tốt.', 9),
(5, 8, 5, '2024-10-14', 4, 'Phong cách ngôn ngữ nghệ thuật', 'Vắng 1 học sinh', 'Lớp 12 Văn 1 học tập nghiêm túc, chuẩn bị bài tốt.', 10),
(5, 8, 5, '2024-11-11', 5, 'Khái quát văn học VN thế kỷ XX', 'Không vắng học sinh', 'Lớp 12 Văn 1 học tập nghiêm túc, chuẩn bị bài tốt.', 9),
(5, 8, 5, '2024-11-18', 1, 'Phân tích tác phẩm Chí Phèo', 'Không vắng học sinh', 'Lớp 12 Văn 1 học tập nghiêm túc, chuẩn bị bài tốt.', 10),
(5, 8, 5, '2024-11-20', 2, 'Luyện viết văn nghị luận', 'Không vắng học sinh', 'Lớp 12 Văn 1 học tập nghiêm túc, chuẩn bị bài tốt.', 9),
(5, 8, 5, '2024-11-27', 3, 'Phong cách ngôn ngữ nghệ thuật', 'Vắng 1 học sinh', 'Lớp 12 Văn 1 học tập nghiêm túc, chuẩn bị bài tốt.', 9),
(6, 11, 8, '2024-09-09', 1, 'Unit 1: Generation Gap Reading', 'Vắng 1 học sinh', 'Lớp 12 Anh 1 học tập nghiêm túc, chuẩn bị bài tốt.', 9),
(6, 11, 8, '2024-09-16', 2, 'Grammar: Conditional sentences', 'Không vắng học sinh', 'Lớp 12 Anh 1 học tập nghiêm túc, chuẩn bị bài tốt.', 10),
(6, 11, 8, '2024-10-07', 3, 'IELTS Writing Task 2 Intro', 'Không vắng học sinh', 'Lớp 12 Anh 1 học tập nghiêm túc, chuẩn bị bài tốt.', 9),
(6, 11, 8, '2024-10-14', 4, 'Listening practice lesson 3', 'Không vắng học sinh', 'Lớp 12 Anh 1 học tập nghiêm túc, chuẩn bị bài tốt.', 9),
(6, 11, 8, '2024-11-11', 5, 'Unit 1: Generation Gap Reading', 'Vắng 1 học sinh', 'Lớp 12 Anh 1 học tập nghiêm túc, chuẩn bị bài tốt.', 9),
(6, 11, 8, '2024-11-18', 1, 'Grammar: Conditional sentences', 'Không vắng học sinh', 'Lớp 12 Anh 1 học tập nghiêm túc, chuẩn bị bài tốt.', 10),
(6, 11, 8, '2024-11-20', 2, 'IELTS Writing Task 2 Intro', 'Vắng 1 học sinh', 'Lớp 12 Anh 1 học tập nghiêm túc, chuẩn bị bài tốt.', 9),
(6, 11, 8, '2024-11-27', 3, 'Listening practice lesson 3', 'Không vắng học sinh', 'Lớp 12 Anh 1 học tập nghiêm túc, chuẩn bị bài tốt.', 9);

-- TIER 6: REPORT_CARDS
INSERT INTO report_cards (student_id, school_year, grade_level, gpa, conduct, teacher_remarks, parent_remarks, promoted) VALUES
(41, '2024-2025', 12, 8.55, 'EXCELLENT', 'Em Hoàng Như Linh có kết quả học tập tốt, đạo đức tốt, gương mẫu trong học tập và rèn luyện.', 'Gia đình ghi nhận sự dạy dỗ tận tình của thầy cô, sẽ tạo mọi điều kiện tốt nhất cho con.', 1),
(42, '2024-2025', 12, 9.17, 'EXCELLENT', 'Em Lý Như Tú có kết quả học tập tốt, đạo đức tốt, gương mẫu trong học tập và rèn luyện.', 'Gia đình ghi nhận sự dạy dỗ tận tình của thầy cô, sẽ tạo mọi điều kiện tốt nhất cho con.', 1),
(43, '2024-2025', 12, 8.07, 'GOOD', 'Em Lý Hoàng Hoàng có kết quả học tập tốt, đạo đức tốt, gương mẫu trong học tập và rèn luyện.', 'Gia đình ghi nhận sự dạy dỗ tận tình của thầy cô, sẽ tạo mọi điều kiện tốt nhất cho con.', 1),
(44, '2024-2025', 12, 8.49, 'GOOD', 'Em Phan Diệu Châu có kết quả học tập tốt, đạo đức tốt, gương mẫu trong học tập và rèn luyện.', 'Gia đình ghi nhận sự dạy dỗ tận tình của thầy cô, sẽ tạo mọi điều kiện tốt nhất cho con.', 1),
(45, '2024-2025', 12, 8.01, 'GOOD', 'Em Nguyễn Tiến Nam có kết quả học tập tốt, đạo đức tốt, gương mẫu trong học tập và rèn luyện.', 'Gia đình ghi nhận sự dạy dỗ tận tình của thầy cô, sẽ tạo mọi điều kiện tốt nhất cho con.', 1),
(46, '2024-2025', 12, 7.73, 'GOOD', 'Em Trịnh Cát Quyên có kết quả học tập tốt, đạo đức tốt, gương mẫu trong học tập và rèn luyện.', 'Gia đình ghi nhận sự dạy dỗ tận tình của thầy cô, sẽ tạo mọi điều kiện tốt nhất cho con.', 1),
(47, '2024-2025', 12, 8.44, 'GOOD', 'Em Hồ Diệu Tuyết có kết quả học tập tốt, đạo đức tốt, gương mẫu trong học tập và rèn luyện.', 'Gia đình ghi nhận sự dạy dỗ tận tình của thầy cô, sẽ tạo mọi điều kiện tốt nhất cho con.', 1),
(48, '2024-2025', 12, 8.39, 'GOOD', 'Em Đặng Hoàng Anh có kết quả học tập tốt, đạo đức tốt, gương mẫu trong học tập và rèn luyện.', 'Gia đình ghi nhận sự dạy dỗ tận tình của thầy cô, sẽ tạo mọi điều kiện tốt nhất cho con.', 1),
(49, '2024-2025', 12, 7.28, 'GOOD', 'Em Vũ Phương Dương có kết quả học tập tốt, đạo đức tốt, gương mẫu trong học tập và rèn luyện.', 'Gia đình ghi nhận sự dạy dỗ tận tình của thầy cô, sẽ tạo mọi điều kiện tốt nhất cho con.', 1),
(50, '2024-2025', 12, 9.75, 'EXCELLENT', 'Em Vũ Anh Chi có kết quả học tập tốt, đạo đức tốt, gương mẫu trong học tập và rèn luyện.', 'Gia đình ghi nhận sự dạy dỗ tận tình của thầy cô, sẽ tạo mọi điều kiện tốt nhất cho con.', 1),
(51, '2024-2025', 12, 8.31, 'GOOD', 'Em Trần Bảo Sơn có kết quả học tập tốt, đạo đức tốt, gương mẫu trong học tập và rèn luyện.', 'Gia đình ghi nhận sự dạy dỗ tận tình của thầy cô, sẽ tạo mọi điều kiện tốt nhất cho con.', 1),
(52, '2024-2025', 12, 9.35, 'EXCELLENT', 'Em Trịnh Quốc Trung có kết quả học tập tốt, đạo đức tốt, gương mẫu trong học tập và rèn luyện.', 'Gia đình ghi nhận sự dạy dỗ tận tình của thầy cô, sẽ tạo mọi điều kiện tốt nhất cho con.', 1),
(53, '2024-2025', 12, 9.56, 'EXCELLENT', 'Em Vương Quang Minh có kết quả học tập tốt, đạo đức tốt, gương mẫu trong học tập và rèn luyện.', 'Gia đình ghi nhận sự dạy dỗ tận tình của thầy cô, sẽ tạo mọi điều kiện tốt nhất cho con.', 1),
(54, '2024-2025', 12, 8.04, 'GOOD', 'Em Cao Lan Quyên có kết quả học tập tốt, đạo đức tốt, gương mẫu trong học tập và rèn luyện.', 'Gia đình ghi nhận sự dạy dỗ tận tình của thầy cô, sẽ tạo mọi điều kiện tốt nhất cho con.', 1),
(55, '2024-2025', 12, 8.16, 'GOOD', 'Em Vương Đình Sơn có kết quả học tập tốt, đạo đức tốt, gương mẫu trong học tập và rèn luyện.', 'Gia đình ghi nhận sự dạy dỗ tận tình của thầy cô, sẽ tạo mọi điều kiện tốt nhất cho con.', 1),
(56, '2024-2025', 12, 8.58, 'EXCELLENT', 'Em Vũ Gia Nghĩa có kết quả học tập tốt, đạo đức tốt, gương mẫu trong học tập và rèn luyện.', 'Gia đình ghi nhận sự dạy dỗ tận tình của thầy cô, sẽ tạo mọi điều kiện tốt nhất cho con.', 1),
(57, '2024-2025', 12, 7.62, 'GOOD', 'Em Cao Anh Sơn có kết quả học tập tốt, đạo đức tốt, gương mẫu trong học tập và rèn luyện.', 'Gia đình ghi nhận sự dạy dỗ tận tình của thầy cô, sẽ tạo mọi điều kiện tốt nhất cho con.', 1),
(58, '2024-2025', 12, 7.41, 'GOOD', 'Em Đặng Hương Bích có kết quả học tập tốt, đạo đức tốt, gương mẫu trong học tập và rèn luyện.', 'Gia đình ghi nhận sự dạy dỗ tận tình của thầy cô, sẽ tạo mọi điều kiện tốt nhất cho con.', 1),
(59, '2024-2025', 12, 7.73, 'GOOD', 'Em Hoàng Đức Hải có kết quả học tập tốt, đạo đức tốt, gương mẫu trong học tập và rèn luyện.', 'Gia đình ghi nhận sự dạy dỗ tận tình của thầy cô, sẽ tạo mọi điều kiện tốt nhất cho con.', 1),
(60, '2024-2025', 12, 9.62, 'EXCELLENT', 'Em Phạm Quốc Công có kết quả học tập tốt, đạo đức tốt, gương mẫu trong học tập và rèn luyện.', 'Gia đình ghi nhận sự dạy dỗ tận tình của thầy cô, sẽ tạo mọi điều kiện tốt nhất cho con.', 1);

SET FOREIGN_KEY_CHECKS = 1;